1,data/cluster/cluster/42/4110_4110.png
1,data/cluster/cluster/42/2071_2071.png
1,data/cluster/cluster/42/4112_4112.png
1,data/cluster/cluster/42/4160_4160.png
1,data/cluster/cluster/42/3719_3719.png
1,data/cluster/cluster/42/2082_2082.png
1,data/cluster/cluster/42/1260_1260.png
1,data/cluster/cluster/42/3712_3712.png
1,data/cluster/cluster/42/2068_2068.png
2,data/cluster/cluster/35/4668_4668.png
2,data/cluster/cluster/35/4682_4682.png
2,data/cluster/cluster/35/4685_4685.png
2,data/cluster/cluster/35/4674_4674.png
2,data/cluster/cluster/35/4678_4678.png
2,data/cluster/cluster/35/4648_4648.png
2,data/cluster/cluster/35/4697_4697.png
2,data/cluster/cluster/35/4702_4702.png
2,data/cluster/cluster/35/4644_4644.png
2,data/cluster/cluster/35/4658_4658.png
2,data/cluster/cluster/35/4662_4662.png
2,data/cluster/cluster/35/4653_4653.png
2,data/cluster/cluster/35/4651_4651.png
2,data/cluster/cluster/35/4174_4174.png
3,data/cluster/cluster/53/3099_3099.png
3,data/cluster/cluster/53/2770_2770.png
3,data/cluster/cluster/53/2773_2773.png
3,data/cluster/cluster/53/2777_2777.png
3,data/cluster/cluster/53/3207_3207.png
3,data/cluster/cluster/53/3200_3200.png
3,data/cluster/cluster/53/2769_2769.png
3,data/cluster/cluster/53/3108_3108.png
3,data/cluster/cluster/53/2797_2797.png
3,data/cluster/cluster/53/3087_3087.png
3,data/cluster/cluster/53/3105_3105.png
3,data/cluster/cluster/53/2782_2782.png
3,data/cluster/cluster/53/3122_3122.png
3,data/cluster/cluster/53/3112_3112.png
3,data/cluster/cluster/53/2785_2785.png
3,data/cluster/cluster/53/2799_2799.png
3,data/cluster/cluster/53/2476_2476.png
3,data/cluster/cluster/53/3458_3458.png
3,data/cluster/cluster/53/3187_3187.png
3,data/cluster/cluster/53/3193_3193.png
3,data/cluster/cluster/53/3182_3182.png
3,data/cluster/cluster/53/4829_4829.png
3,data/cluster/cluster/53/3116_3116.png
4,data/cluster/cluster/25/4191_4191.png
4,data/cluster/cluster/25/3519_3519.png
4,data/cluster/cluster/25/3583_3583.png
4,data/cluster/cluster/25/3574_3574.png
4,data/cluster/cluster/25/3591_3591.png
4,data/cluster/cluster/25/3578_3578.png
4,data/cluster/cluster/25/4200_4200.png
4,data/cluster/cluster/25/3584_3584.png
4,data/cluster/cluster/25/4194_4194.png
4,data/cluster/cluster/25/3576_3576.png
4,data/cluster/cluster/25/3535_3535.png
4,data/cluster/cluster/25/4201_4201.png
4,data/cluster/cluster/25/3485_3485.png
4,data/cluster/cluster/25/2400_2400.png
4,data/cluster/cluster/25/3684_3684.png
4,data/cluster/cluster/25/3593_3593.png
4,data/cluster/cluster/25/4192_4192.png
5,data/cluster/cluster/70/3482_3482.png
5,data/cluster/cluster/70/3546_3546.png
5,data/cluster/cluster/70/3563_3563.png
5,data/cluster/cluster/70/3552_3552.png
5,data/cluster/cluster/70/3492_3492.png
5,data/cluster/cluster/70/1666_1666.png
5,data/cluster/cluster/70/2415_2415.png
5,data/cluster/cluster/70/3549_3549.png
5,data/cluster/cluster/70/2413_2413.png
5,data/cluster/cluster/70/3554_3554.png
5,data/cluster/cluster/70/3581_3581.png
6,data/cluster/cluster/36/4916_4916.png
6,data/cluster/cluster/36/4915_4915.png
6,data/cluster/cluster/36/4997_4997.png
6,data/cluster/cluster/36/4992_4992.png
6,data/cluster/cluster/36/1_1_.png
6,data/cluster/cluster/36/3176_3176.png
6,data/cluster/cluster/36/3453_3453.png
6,data/cluster/cluster/36/4917_4917.png
6,data/cluster/cluster/36/3134_3134.png
6,data/cluster/cluster/36/75_75_.png
6,data/cluster/cluster/36/3109_3109.png
6,data/cluster/cluster/36/2142_2142.png
6,data/cluster/cluster/36/3120_3120.png
7,data/cluster/cluster/39/2133_2133.png
7,data/cluster/cluster/39/2021_2021.png
7,data/cluster/cluster/39/2077_2077.png
7,data/cluster/cluster/39/2045_2045.png
7,data/cluster/cluster/39/2050_2050.png
7,data/cluster/cluster/39/2017_2017.png
7,data/cluster/cluster/39/2020_2020.png
7,data/cluster/cluster/39/2043_2043.png
7,data/cluster/cluster/39/2070_2070.png
7,data/cluster/cluster/39/2019_2019.png
7,data/cluster/cluster/39/2062_2062.png
7,data/cluster/cluster/39/2047_2047.png
7,data/cluster/cluster/39/2147_2147.png
7,data/cluster/cluster/39/2058_2058.png
7,data/cluster/cluster/39/2053_2053.png
7,data/cluster/cluster/39/2036_2036.png
7,data/cluster/cluster/39/2016_2016.png
7,data/cluster/cluster/39/2066_2066.png
7,data/cluster/cluster/39/2023_2023.png
7,data/cluster/cluster/39/2096_2096.png
8,data/cluster/cluster/37/65_65_.png
8,data/cluster/cluster/37/617_617_.png
8,data/cluster/cluster/37/613_613_.png
8,data/cluster/cluster/37/4995_4995.png
8,data/cluster/cluster/37/74_74_.png
8,data/cluster/cluster/37/60_60_.png
8,data/cluster/cluster/37/68_68_.png
8,data/cluster/cluster/37/614_614_.png
8,data/cluster/cluster/37/4986_4986.png
8,data/cluster/cluster/37/4984_4984.png
8,data/cluster/cluster/37/67_67_.png
8,data/cluster/cluster/37/4980_4980.png
8,data/cluster/cluster/37/62_62_.png
8,data/cluster/cluster/37/4973_4973.png
8,data/cluster/cluster/37/57_57_.png
8,data/cluster/cluster/37/72_72_.png
8,data/cluster/cluster/37/4976_4976.png
8,data/cluster/cluster/37/4989_4989.png
9,data/cluster/cluster/43/3447_3447.png
9,data/cluster/cluster/43/2382_2382.png
9,data/cluster/cluster/43/2379_2379.png
9,data/cluster/cluster/43/2377_2377.png
9,data/cluster/cluster/43/3432_3432.png
9,data/cluster/cluster/43/3477_3477.png
9,data/cluster/cluster/43/3451_3451.png
9,data/cluster/cluster/43/2327_2327.png
9,data/cluster/cluster/43/3428_3428.png
9,data/cluster/cluster/43/2409_2409.png
9,data/cluster/cluster/43/3441_3441.png
9,data/cluster/cluster/43/2369_2369.png
9,data/cluster/cluster/43/2332_2332.png
9,data/cluster/cluster/43/3444_3444.png
9,data/cluster/cluster/43/2385_2385.png
9,data/cluster/cluster/43/2390_2390.png
9,data/cluster/cluster/43/2362_2362.png
9,data/cluster/cluster/43/2346_2346.png
9,data/cluster/cluster/43/2333_2333.png
9,data/cluster/cluster/43/3469_3469.png
9,data/cluster/cluster/43/2348_2348.png
9,data/cluster/cluster/43/3462_3462.png
9,data/cluster/cluster/43/2393_2393.png
9,data/cluster/cluster/43/2337_2337.png
9,data/cluster/cluster/43/2325_2325.png
9,data/cluster/cluster/43/2329_2329.png
9,data/cluster/cluster/43/2414_2414.png
9,data/cluster/cluster/43/3484_3484.png
9,data/cluster/cluster/43/3418_3418.png
9,data/cluster/cluster/43/2356_2356.png
9,data/cluster/cluster/43/3472_3472.png
9,data/cluster/cluster/43/2388_2388.png
9,data/cluster/cluster/43/3467_3467.png
9,data/cluster/cluster/43/3414_3414.png
9,data/cluster/cluster/43/2352_2352.png
9,data/cluster/cluster/43/2365_2365.png
9,data/cluster/cluster/43/3464_3464.png
10,data/cluster/cluster/28/3635_3635.png
10,data/cluster/cluster/28/2985_2985.png
10,data/cluster/cluster/28/2931_2931.png
10,data/cluster/cluster/28/3489_3489.png
10,data/cluster/cluster/28/2977_2977.png
10,data/cluster/cluster/28/2903_2903.png
10,data/cluster/cluster/28/3436_3436.png
10,data/cluster/cluster/28/3726_3726.png
10,data/cluster/cluster/28/2924_2924.png
10,data/cluster/cluster/28/2933_2933.png
10,data/cluster/cluster/28/3729_3729.png
10,data/cluster/cluster/28/4183_4183.png
10,data/cluster/cluster/28/2987_2987.png
10,data/cluster/cluster/28/2939_2939.png
10,data/cluster/cluster/28/2971_2971.png
10,data/cluster/cluster/28/2361_2361.png
10,data/cluster/cluster/28/2411_2411.png
10,data/cluster/cluster/28/3631_3631.png
10,data/cluster/cluster/28/2989_2989.png
11,data/cluster/cluster/19/3243_3243.png
11,data/cluster/cluster/19/3071_3071.png
11,data/cluster/cluster/19/3224_3224.png
11,data/cluster/cluster/19/3218_3218.png
11,data/cluster/cluster/19/3248_3248.png
11,data/cluster/cluster/19/3234_3234.png
11,data/cluster/cluster/19/3066_3066.png
11,data/cluster/cluster/19/3078_3078.png
11,data/cluster/cluster/19/3082_3082.png
11,data/cluster/cluster/19/3194_3194.png
11,data/cluster/cluster/19/3201_3201.png
11,data/cluster/cluster/19/3238_3238.png
11,data/cluster/cluster/19/3030_3030.png
11,data/cluster/cluster/19/3035_3035.png
12,data/cluster/cluster/26/284_284_.png
12,data/cluster/cluster/26/293_293_.png
12,data/cluster/cluster/26/3659_3659.png
12,data/cluster/cluster/26/3836_3836.png
12,data/cluster/cluster/26/273_273_.png
12,data/cluster/cluster/26/292_292_.png
12,data/cluster/cluster/26/277_277_.png
12,data/cluster/cluster/26/1316_1316.png
12,data/cluster/cluster/26/3654_3654.png
12,data/cluster/cluster/26/3755_3755.png
12,data/cluster/cluster/26/4080_4080.png
12,data/cluster/cluster/26/287_287_.png
12,data/cluster/cluster/26/290_290_.png
12,data/cluster/cluster/26/3652_3652.png
12,data/cluster/cluster/26/3602_3602.png
12,data/cluster/cluster/26/3620_3620.png
12,data/cluster/cluster/26/2137_2137.png
12,data/cluster/cluster/26/280_280_.png
13,data/cluster/cluster/58/2802_2802.png
13,data/cluster/cluster/58/3180_3180.png
13,data/cluster/cluster/58/3691_3691.png
13,data/cluster/cluster/58/257_257_.png
13,data/cluster/cluster/58/3158_3158.png
13,data/cluster/cluster/58/256_256_.png
14,data/cluster/cluster/50/3622_3622.png
14,data/cluster/cluster/50/4520_4520.png
14,data/cluster/cluster/50/964_964.png
14,data/cluster/cluster/50/2140_2140.png
14,data/cluster/cluster/50/2209_2209.png
14,data/cluster/cluster/50/2159_2159.png
14,data/cluster/cluster/50/2195_2195.png
15,data/cluster/cluster/31/3520_3520.png
15,data/cluster/cluster/31/3515_3515.png
15,data/cluster/cluster/31/3506_3506.png
15,data/cluster/cluster/31/3117_3117.png
15,data/cluster/cluster/31/3481_3481.png
15,data/cluster/cluster/31/3470_3470.png
15,data/cluster/cluster/31/3455_3455.png
15,data/cluster/cluster/31/2423_2423.png
15,data/cluster/cluster/31/3498_3498.png
15,data/cluster/cluster/31/3511_3511.png
15,data/cluster/cluster/31/3490_3490.png
15,data/cluster/cluster/31/3501_3501.png
15,data/cluster/cluster/31/2417_2417.png
15,data/cluster/cluster/31/2424_2424.png
16,data/cluster/cluster/20/4298_4298.png
16,data/cluster/cluster/20/4274_4274.png
16,data/cluster/cluster/20/4272_4272.png
16,data/cluster/cluster/20/4301_4301.png
16,data/cluster/cluster/20/4284_4284.png
16,data/cluster/cluster/20/4290_4290.png
16,data/cluster/cluster/20/4277_4277.png
16,data/cluster/cluster/20/4269_4269.png
16,data/cluster/cluster/20/4280_4280.png
17,data/cluster/cluster/33/2386_2386.png
17,data/cluster/cluster/33/3461_3461.png
17,data/cluster/cluster/33/3473_3473.png
17,data/cluster/cluster/33/3394_3394.png
17,data/cluster/cluster/33/3523_3523.png
17,data/cluster/cluster/33/3412_3412.png
17,data/cluster/cluster/33/3478_3478.png
17,data/cluster/cluster/33/3404_3404.png
17,data/cluster/cluster/33/3486_3486.png
17,data/cluster/cluster/33/3465_3465.png
17,data/cluster/cluster/33/3410_3410.png
17,data/cluster/cluster/33/3463_3463.png
18,data/cluster/cluster/3/1354_1354.png
18,data/cluster/cluster/3/977_977.png
18,data/cluster/cluster/3/2380_2380.png
18,data/cluster/cluster/3/1183_1183.png
18,data/cluster/cluster/3/1349_1349.png
18,data/cluster/cluster/3/982_982.png
18,data/cluster/cluster/3/1363_1363.png
18,data/cluster/cluster/3/1195_1195.png
18,data/cluster/cluster/3/1176_1176.png
18,data/cluster/cluster/3/973_973.png
18,data/cluster/cluster/3/1189_1189.png
18,data/cluster/cluster/3/966_966.png
18,data/cluster/cluster/3/1359_1359.png
18,data/cluster/cluster/3/1391_1391.png
18,data/cluster/cluster/3/2064_2064.png
18,data/cluster/cluster/3/1342_1342.png
18,data/cluster/cluster/3/4105_4105.png
18,data/cluster/cluster/3/1329_1329.png
19,data/cluster/cluster/8/1893_1893.png
19,data/cluster/cluster/8/1881_1881.png
19,data/cluster/cluster/8/1897_1897.png
19,data/cluster/cluster/8/4111_4111.png
19,data/cluster/cluster/8/1903_1903.png
19,data/cluster/cluster/8/1884_1884.png
19,data/cluster/cluster/8/1889_1889.png
19,data/cluster/cluster/8/4107_4107.png
19,data/cluster/cluster/8/1878_1878.png
19,data/cluster/cluster/8/4109_4109.png
19,data/cluster/cluster/8/1901_1901.png
19,data/cluster/cluster/8/3715_3715.png
19,data/cluster/cluster/8/1887_1887.png
20,data/cluster/cluster/24/4219_4219.png
20,data/cluster/cluster/24/3603_3603.png
20,data/cluster/cluster/24/4224_4224.png
20,data/cluster/cluster/24/2316_2316.png
20,data/cluster/cluster/24/2312_2312.png
20,data/cluster/cluster/24/3601_3601.png
20,data/cluster/cluster/24/2304_2304.png
20,data/cluster/cluster/24/3491_3491.png
20,data/cluster/cluster/24/2322_2322.png
20,data/cluster/cluster/24/4238_4238.png
20,data/cluster/cluster/24/4211_4211.png
20,data/cluster/cluster/24/2297_2297.png
20,data/cluster/cluster/24/2317_2317.png
20,data/cluster/cluster/24/2397_2397.png
21,data/cluster/cluster/76/84_84_.png
21,data/cluster/cluster/76/82_82_.png
21,data/cluster/cluster/76/105_105_.png
21,data/cluster/cluster/76/107_107_.png
21,data/cluster/cluster/76/5029_5029.png
21,data/cluster/cluster/76/5028_5028.png
21,data/cluster/cluster/76/106_106_.png
21,data/cluster/cluster/76/5026_5026.png
21,data/cluster/cluster/76/5005_5005.png
22,data/cluster/cluster/66/2151_2151.png
22,data/cluster/cluster/66/3768_3768.png
22,data/cluster/cluster/66/2015_2015.png
22,data/cluster/cluster/66/2034_2034.png
22,data/cluster/cluster/66/2162_2162.png
22,data/cluster/cluster/66/2014_2014.png
22,data/cluster/cluster/66/3174_3174.png
22,data/cluster/cluster/66/2165_2165.png
22,data/cluster/cluster/66/2055_2055.png
22,data/cluster/cluster/66/2031_2031.png
22,data/cluster/cluster/66/2084_2084.png
22,data/cluster/cluster/66/2141_2141.png
22,data/cluster/cluster/66/2029_2029.png
22,data/cluster/cluster/66/2027_2027.png
22,data/cluster/cluster/66/3152_3152.png
22,data/cluster/cluster/66/2092_2092.png
22,data/cluster/cluster/66/3103_3103.png
22,data/cluster/cluster/66/2088_2088.png
22,data/cluster/cluster/66/2024_2024.png
22,data/cluster/cluster/66/2164_2164.png
23,data/cluster/cluster/63/3722_3722.png
23,data/cluster/cluster/63/3632_3632.png
23,data/cluster/cluster/63/3641_3641.png
23,data/cluster/cluster/63/3643_3643.png
23,data/cluster/cluster/63/3653_3653.png
23,data/cluster/cluster/63/3649_3649.png
23,data/cluster/cluster/63/3645_3645.png
23,data/cluster/cluster/63/3731_3731.png
23,data/cluster/cluster/63/3727_3727.png
23,data/cluster/cluster/63/3734_3734.png
23,data/cluster/cluster/63/3642_3642.png
23,data/cluster/cluster/63/3636_3636.png
23,data/cluster/cluster/63/3704_3704.png
23,data/cluster/cluster/63/3634_3634.png
23,data/cluster/cluster/63/3725_3725.png
24,data/cluster/cluster/41/4036_4036.png
24,data/cluster/cluster/41/4019_4019.png
24,data/cluster/cluster/41/4069_4069.png
24,data/cluster/cluster/41/4015_4015.png
24,data/cluster/cluster/41/4009_4009.png
24,data/cluster/cluster/41/4060_4060.png
24,data/cluster/cluster/41/4031_4031.png
24,data/cluster/cluster/41/4067_4067.png
24,data/cluster/cluster/41/4062_4062.png
24,data/cluster/cluster/41/4064_4064.png
24,data/cluster/cluster/41/4070_4070.png
24,data/cluster/cluster/41/4040_4040.png
24,data/cluster/cluster/41/4044_4044.png
24,data/cluster/cluster/41/4061_4061.png
24,data/cluster/cluster/41/4024_4024.png
24,data/cluster/cluster/41/4065_4065.png
24,data/cluster/cluster/41/4028_4028.png
25,data/cluster/cluster/38/3206_3206.png
25,data/cluster/cluster/38/3252_3252.png
25,data/cluster/cluster/38/3212_3212.png
25,data/cluster/cluster/38/3160_3160.png
25,data/cluster/cluster/38/3214_3214.png
25,data/cluster/cluster/38/3175_3175.png
25,data/cluster/cluster/38/3181_3181.png
25,data/cluster/cluster/38/3188_3188.png
25,data/cluster/cluster/38/3171_3171.png
25,data/cluster/cluster/38/3165_3165.png
25,data/cluster/cluster/38/3231_3231.png
26,data/cluster/cluster/4/4313_4313.png
26,data/cluster/cluster/4/2242_2242.png
26,data/cluster/cluster/4/2168_2168.png
26,data/cluster/cluster/4/2240_2240.png
26,data/cluster/cluster/4/3624_3624.png
26,data/cluster/cluster/4/2347_2347.png
26,data/cluster/cluster/4/185_185_.png
26,data/cluster/cluster/4/3613_3613.png
26,data/cluster/cluster/4/4309_4309.png
26,data/cluster/cluster/4/194_194_.png
26,data/cluster/cluster/4/2238_2238.png
27,data/cluster/cluster/32/2042_2042.png
27,data/cluster/cluster/32/2309_2309.png
27,data/cluster/cluster/32/3500_3500.png
27,data/cluster/cluster/32/3488_3488.png
27,data/cluster/cluster/32/4098_4098.png
27,data/cluster/cluster/32/3510_3510.png
27,data/cluster/cluster/32/3493_3493.png
27,data/cluster/cluster/32/3496_3496.png
27,data/cluster/cluster/32/2299_2299.png
27,data/cluster/cluster/32/2405_2405.png
27,data/cluster/cluster/32/2289_2289.png
27,data/cluster/cluster/32/2403_2403.png
27,data/cluster/cluster/32/2291_2291.png
28,data/cluster/cluster/55/4641_4641.png
28,data/cluster/cluster/55/4634_4634.png
28,data/cluster/cluster/55/4632_4632.png
28,data/cluster/cluster/55/4638_4638.png
28,data/cluster/cluster/55/4643_4643.png
28,data/cluster/cluster/55/4636_4636.png
28,data/cluster/cluster/55/4640_4640.png
29,data/cluster/cluster/62/2038_2038.png
29,data/cluster/cluster/62/3784_3784.png
29,data/cluster/cluster/62/2104_2104.png
29,data/cluster/cluster/62/2108_2108.png
29,data/cluster/cluster/62/2041_2041.png
29,data/cluster/cluster/62/3779_3779.png
29,data/cluster/cluster/62/3776_3776.png
29,data/cluster/cluster/62/2100_2100.png
29,data/cluster/cluster/62/3773_3773.png
30,data/cluster/cluster/75/2725_2725.png
30,data/cluster/cluster/75/2765_2765.png
30,data/cluster/cluster/75/2734_2734.png
30,data/cluster/cluster/75/2722_2722.png
30,data/cluster/cluster/75/2745_2745.png
30,data/cluster/cluster/75/2760_2760.png
30,data/cluster/cluster/75/2761_2761.png
30,data/cluster/cluster/75/2795_2795.png
30,data/cluster/cluster/75/2790_2790.png
30,data/cluster/cluster/75/2808_2808.png
30,data/cluster/cluster/75/2757_2757.png
30,data/cluster/cluster/75/2756_2756.png
30,data/cluster/cluster/75/2810_2810.png
30,data/cluster/cluster/75/2751_2751.png
30,data/cluster/cluster/75/2729_2729.png
30,data/cluster/cluster/75/2739_2739.png
30,data/cluster/cluster/75/2813_2813.png
30,data/cluster/cluster/75/2804_2804.png
30,data/cluster/cluster/75/2806_2806.png
30,data/cluster/cluster/75/2818_2818.png
30,data/cluster/cluster/75/2815_2815.png
31,data/cluster/cluster/52/2236_2236.png
31,data/cluster/cluster/52/2224_2224.png
31,data/cluster/cluster/52/2225_2225.png
31,data/cluster/cluster/52/2226_2226.png
31,data/cluster/cluster/52/2233_2233.png
31,data/cluster/cluster/52/2229_2229.png
31,data/cluster/cluster/52/2228_2228.png
31,data/cluster/cluster/52/2232_2232.png
31,data/cluster/cluster/52/2227_2227.png
31,data/cluster/cluster/52/2231_2231.png
31,data/cluster/cluster/52/2235_2235.png
31,data/cluster/cluster/52/2234_2234.png
31,data/cluster/cluster/52/2230_2230.png
32,data/cluster/cluster/47/3072_3072.png
32,data/cluster/cluster/47/3705_3705.png
32,data/cluster/cluster/47/3780_3780.png
32,data/cluster/cluster/47/3777_3777.png
32,data/cluster/cluster/47/3146_3146.png
32,data/cluster/cluster/47/2719_2719.png
32,data/cluster/cluster/47/2793_2793.png
32,data/cluster/cluster/47/4610_4610.png
32,data/cluster/cluster/47/3054_3054.png
33,data/cluster/cluster/17/1896_1896.png
33,data/cluster/cluster/17/1891_1891.png
33,data/cluster/cluster/17/1880_1880.png
33,data/cluster/cluster/17/1902_1902.png
33,data/cluster/cluster/17/1931_1931.png
33,data/cluster/cluster/17/1929_1929.png
33,data/cluster/cluster/17/1917_1917.png
33,data/cluster/cluster/17/1921_1921.png
33,data/cluster/cluster/17/1909_1909.png
33,data/cluster/cluster/17/1900_1900.png
33,data/cluster/cluster/17/1883_1883.png
33,data/cluster/cluster/17/1922_1922.png
33,data/cluster/cluster/17/1913_1913.png
33,data/cluster/cluster/17/1919_1919.png
33,data/cluster/cluster/17/1872_1872.png
33,data/cluster/cluster/17/1915_1915.png
33,data/cluster/cluster/17/1886_1886.png
33,data/cluster/cluster/17/1888_1888.png
34,data/cluster/cluster/21/8_8_.png
34,data/cluster/cluster/21/17_17_.png
34,data/cluster/cluster/21/9_9_.png
34,data/cluster/cluster/21/4919_4919.png
34,data/cluster/cluster/21/4922_4922.png
34,data/cluster/cluster/21/6_6_.png
34,data/cluster/cluster/21/4924_4924.png
34,data/cluster/cluster/21/14_14_.png
34,data/cluster/cluster/21/2_2_.png
34,data/cluster/cluster/21/11_11_.png
34,data/cluster/cluster/21/5_5_.png
34,data/cluster/cluster/21/4929_4929.png
34,data/cluster/cluster/21/4918_4918.png
34,data/cluster/cluster/21/3_3_.png
34,data/cluster/cluster/21/10_10_.png
34,data/cluster/cluster/21/4925_4925.png
34,data/cluster/cluster/21/4934_4934.png
34,data/cluster/cluster/21/4927_4927.png
34,data/cluster/cluster/21/4926_4926.png
34,data/cluster/cluster/21/4931_4931.png
34,data/cluster/cluster/21/4928_4928.png
34,data/cluster/cluster/21/12_12_.png
35,data/cluster/cluster/74/3345_3345.png
35,data/cluster/cluster/74/3301_3301.png
35,data/cluster/cluster/74/3356_3356.png
35,data/cluster/cluster/74/3299_3299.png
35,data/cluster/cluster/74/3307_3307.png
35,data/cluster/cluster/74/3325_3325.png
35,data/cluster/cluster/74/3328_3328.png
36,data/cluster/cluster/49/1623_1623.png
36,data/cluster/cluster/49/1676_1676.png
36,data/cluster/cluster/49/1576_1576.png
36,data/cluster/cluster/49/1593_1593.png
36,data/cluster/cluster/49/1618_1618.png
36,data/cluster/cluster/49/1630_1630.png
36,data/cluster/cluster/49/1637_1637.png
36,data/cluster/cluster/49/1584_1584.png
36,data/cluster/cluster/49/1602_1602.png
36,data/cluster/cluster/49/1588_1588.png
36,data/cluster/cluster/49/1597_1597.png
36,data/cluster/cluster/49/1607_1607.png
36,data/cluster/cluster/49/1610_1610.png
36,data/cluster/cluster/49/1633_1633.png
36,data/cluster/cluster/49/1539_1539.png
36,data/cluster/cluster/49/4266_4266.png
36,data/cluster/cluster/49/2175_2175.png
36,data/cluster/cluster/49/1625_1625.png
36,data/cluster/cluster/49/1572_1572.png
36,data/cluster/cluster/49/1580_1580.png
36,data/cluster/cluster/49/3858_3858.png
37,data/cluster/cluster/10/4956_4956.png
37,data/cluster/cluster/10/46_46_.png
37,data/cluster/cluster/10/4936_4936.png
37,data/cluster/cluster/10/611_611_.png
37,data/cluster/cluster/10/442_442_.png
37,data/cluster/cluster/10/49_49_.png
37,data/cluster/cluster/10/4968_4968.png
37,data/cluster/cluster/10/78_78_.png
37,data/cluster/cluster/10/4954_4954.png
37,data/cluster/cluster/10/43_43_.png
37,data/cluster/cluster/10/38_38_.png
37,data/cluster/cluster/10/585_585_.png
37,data/cluster/cluster/10/70_70_.png
37,data/cluster/cluster/10/607_607_.png
37,data/cluster/cluster/10/620_620_.png
37,data/cluster/cluster/10/52_52_.png
37,data/cluster/cluster/10/4967_4967.png
37,data/cluster/cluster/10/40_40_.png
37,data/cluster/cluster/10/440_440_.png
37,data/cluster/cluster/10/441_441_.png
37,data/cluster/cluster/10/4999_4999.png
37,data/cluster/cluster/10/51_51_.png
37,data/cluster/cluster/10/4935_4935.png
37,data/cluster/cluster/10/549_549_.png
37,data/cluster/cluster/10/4957_4957.png
37,data/cluster/cluster/10/37_37_.png
37,data/cluster/cluster/10/4965_4965.png
37,data/cluster/cluster/10/603_603_.png
37,data/cluster/cluster/10/18_18_.png
37,data/cluster/cluster/10/550_550_.png
37,data/cluster/cluster/10/4959_4959.png
37,data/cluster/cluster/10/73_73_.png
37,data/cluster/cluster/10/601_601_.png
37,data/cluster/cluster/10/4988_4988.png
37,data/cluster/cluster/10/4961_4961.png
37,data/cluster/cluster/10/546_546_.png
37,data/cluster/cluster/10/19_19_.png
38,data/cluster/cluster/65/1682_1682.png
38,data/cluster/cluster/65/4054_4054.png
38,data/cluster/cluster/65/3852_3852.png
38,data/cluster/cluster/65/1740_1740.png
38,data/cluster/cluster/65/4033_4033.png
38,data/cluster/cluster/65/4035_4035.png
38,data/cluster/cluster/65/4058_4058.png
38,data/cluster/cluster/65/4046_4046.png
38,data/cluster/cluster/65/4042_4042.png
38,data/cluster/cluster/65/1753_1753.png
38,data/cluster/cluster/65/3857_3857.png
39,data/cluster/cluster/15/1211_1211.png
39,data/cluster/cluster/15/1217_1217.png
39,data/cluster/cluster/15/269_269_.png
39,data/cluster/cluster/15/1223_1223.png
39,data/cluster/cluster/15/4978_4978.png
39,data/cluster/cluster/15/3074_3074.png
39,data/cluster/cluster/15/1339_1339.png
40,data/cluster/cluster/48/4542_4542.png
40,data/cluster/cluster/48/4543_4543.png
40,data/cluster/cluster/48/299_299_.png
40,data/cluster/cluster/48/4539_4539.png
40,data/cluster/cluster/48/4548_4548.png
40,data/cluster/cluster/48/4533_4533.png
40,data/cluster/cluster/48/4524_4524.png
40,data/cluster/cluster/48/260_260_.png
40,data/cluster/cluster/48/4531_4531.png
40,data/cluster/cluster/48/4551_4551.png
40,data/cluster/cluster/48/296_296_.png
40,data/cluster/cluster/48/4540_4540.png
40,data/cluster/cluster/48/4529_4529.png
40,data/cluster/cluster/48/4528_4528.png
40,data/cluster/cluster/48/4547_4547.png
40,data/cluster/cluster/48/4545_4545.png
40,data/cluster/cluster/48/266_266_.png
40,data/cluster/cluster/48/4553_4553.png
40,data/cluster/cluster/48/4537_4537.png
40,data/cluster/cluster/48/4550_4550.png
40,data/cluster/cluster/48/4554_4554.png
40,data/cluster/cluster/48/4534_4534.png
41,data/cluster/cluster/61/1875_1875.png
41,data/cluster/cluster/61/1866_1866.png
41,data/cluster/cluster/61/1867_1867.png
41,data/cluster/cluster/61/1873_1873.png
41,data/cluster/cluster/61/1869_1869.png
41,data/cluster/cluster/61/1864_1864.png
42,data/cluster/cluster/7/1351_1351.png
42,data/cluster/cluster/7/1400_1400.png
42,data/cluster/cluster/7/1119_1119.png
42,data/cluster/cluster/7/1123_1123.png
42,data/cluster/cluster/7/1365_1365.png
42,data/cluster/cluster/7/1386_1386.png
42,data/cluster/cluster/7/1125_1125.png
42,data/cluster/cluster/7/1362_1362.png
42,data/cluster/cluster/7/1128_1128.png
42,data/cluster/cluster/7/1088_1088.png
42,data/cluster/cluster/7/1373_1373.png
42,data/cluster/cluster/7/1091_1091.png
42,data/cluster/cluster/7/1370_1370.png
42,data/cluster/cluster/7/1356_1356.png
42,data/cluster/cluster/7/1151_1151.png
42,data/cluster/cluster/7/1133_1133.png
42,data/cluster/cluster/7/1396_1396.png
42,data/cluster/cluster/7/1135_1135.png
42,data/cluster/cluster/7/1344_1344.png
42,data/cluster/cluster/7/1394_1394.png
42,data/cluster/cluster/7/1368_1368.png
42,data/cluster/cluster/7/1377_1377.png
42,data/cluster/cluster/7/1381_1381.png
42,data/cluster/cluster/7/1139_1139.png
42,data/cluster/cluster/7/1390_1390.png
42,data/cluster/cluster/7/1348_1348.png
42,data/cluster/cluster/7/1146_1146.png
43,data/cluster/cluster/34/1843_1843.png
43,data/cluster/cluster/34/4637_4637.png
43,data/cluster/cluster/34/4628_4628.png
43,data/cluster/cluster/34/4137_4137.png
43,data/cluster/cluster/34/4575_4575.png
44,data/cluster/cluster/40/4630_4630.png
44,data/cluster/cluster/40/95_95_.png
44,data/cluster/cluster/40/626_626_.png
44,data/cluster/cluster/40/4338_4338.png
44,data/cluster/cluster/40/5017_5017.png
44,data/cluster/cluster/40/4339_4339.png
45,data/cluster/cluster/44/2846_2846.png
45,data/cluster/cluster/44/2809_2809.png
45,data/cluster/cluster/44/2803_2803.png
45,data/cluster/cluster/44/2798_2798.png
45,data/cluster/cluster/44/2839_2839.png
45,data/cluster/cluster/44/2821_2821.png
45,data/cluster/cluster/44/2844_2844.png
45,data/cluster/cluster/44/2807_2807.png
45,data/cluster/cluster/44/2865_2865.png
45,data/cluster/cluster/44/2833_2833.png
45,data/cluster/cluster/44/2796_2796.png
45,data/cluster/cluster/44/2800_2800.png
45,data/cluster/cluster/44/2848_2848.png
45,data/cluster/cluster/44/2836_2836.png
45,data/cluster/cluster/44/2811_2811.png
45,data/cluster/cluster/44/2860_2860.png
45,data/cluster/cluster/44/2842_2842.png
45,data/cluster/cluster/44/2867_2867.png
45,data/cluster/cluster/44/2805_2805.png
45,data/cluster/cluster/44/2814_2814.png
45,data/cluster/cluster/44/2827_2827.png
45,data/cluster/cluster/44/2853_2853.png
45,data/cluster/cluster/44/2823_2823.png
45,data/cluster/cluster/44/2817_2817.png
45,data/cluster/cluster/44/2831_2831.png
45,data/cluster/cluster/44/2869_2869.png
45,data/cluster/cluster/44/2819_2819.png
45,data/cluster/cluster/44/2850_2850.png
45,data/cluster/cluster/44/2856_2856.png
46,data/cluster/cluster/77/4363_4363.png
46,data/cluster/cluster/77/4342_4342.png
46,data/cluster/cluster/77/4337_4337.png
46,data/cluster/cluster/77/4346_4346.png
46,data/cluster/cluster/77/4343_4343.png
46,data/cluster/cluster/77/4361_4361.png
46,data/cluster/cluster/77/4345_4345.png
46,data/cluster/cluster/77/4340_4340.png
47,data/cluster/cluster/60/3460_3460.png
47,data/cluster/cluster/60/2394_2394.png
47,data/cluster/cluster/60/3445_3445.png
47,data/cluster/cluster/60/2381_2381.png
47,data/cluster/cluster/60/2404_2404.png
47,data/cluster/cluster/60/3442_3442.png
47,data/cluster/cluster/60/2407_2407.png
47,data/cluster/cluster/60/2383_2383.png
47,data/cluster/cluster/60/2399_2399.png
47,data/cluster/cluster/60/3448_3448.png
48,data/cluster/cluster/12/2521_2521.png
48,data/cluster/cluster/12/2543_2543.png
48,data/cluster/cluster/12/2503_2503.png
48,data/cluster/cluster/12/2642_2642.png
48,data/cluster/cluster/12/2637_2637.png
48,data/cluster/cluster/12/2555_2555.png
48,data/cluster/cluster/12/2498_2498.png
48,data/cluster/cluster/12/2649_2649.png
48,data/cluster/cluster/12/2547_2547.png
48,data/cluster/cluster/12/2661_2661.png
48,data/cluster/cluster/12/2494_2494.png
48,data/cluster/cluster/12/2551_2551.png
48,data/cluster/cluster/12/2508_2508.png
48,data/cluster/cluster/12/2486_2486.png
48,data/cluster/cluster/12/2539_2539.png
48,data/cluster/cluster/12/2464_2464.png
48,data/cluster/cluster/12/2512_2512.png
48,data/cluster/cluster/12/2456_2456.png
48,data/cluster/cluster/12/2655_2655.png
48,data/cluster/cluster/12/2490_2490.png
48,data/cluster/cluster/12/2534_2534.png
48,data/cluster/cluster/12/2517_2517.png
48,data/cluster/cluster/12/2468_2468.png
48,data/cluster/cluster/12/2673_2673.png
48,data/cluster/cluster/12/2526_2526.png
48,data/cluster/cluster/12/2667_2667.png
48,data/cluster/cluster/12/2460_2460.png
48,data/cluster/cluster/12/2616_2616.png
48,data/cluster/cluster/12/2479_2479.png
48,data/cluster/cluster/12/2472_2472.png
48,data/cluster/cluster/12/2530_2530.png
49,data/cluster/cluster/78/4041_4041.png
49,data/cluster/cluster/78/4011_4011.png
49,data/cluster/cluster/78/3999_3999.png
49,data/cluster/cluster/78/4025_4025.png
49,data/cluster/cluster/78/3996_3996.png
49,data/cluster/cluster/78/4021_4021.png
49,data/cluster/cluster/78/4016_4016.png
49,data/cluster/cluster/78/4003_4003.png
49,data/cluster/cluster/78/4001_4001.png
49,data/cluster/cluster/78/4032_4032.png
49,data/cluster/cluster/78/4037_4037.png
49,data/cluster/cluster/78/4029_4029.png
49,data/cluster/cluster/78/4045_4045.png
50,data/cluster/cluster/13/2090_2090.png
50,data/cluster/cluster/13/2110_2110.png
50,data/cluster/cluster/13/4169_4169.png
50,data/cluster/cluster/13/2112_2112.png
50,data/cluster/cluster/13/2098_2098.png
50,data/cluster/cluster/13/2106_2106.png
50,data/cluster/cluster/13/1638_1638.png
50,data/cluster/cluster/13/560_560_.png
50,data/cluster/cluster/13/2115_2115.png
50,data/cluster/cluster/13/1768_1768.png
50,data/cluster/cluster/13/2094_2094.png
50,data/cluster/cluster/13/619_619_.png
50,data/cluster/cluster/13/3179_3179.png
50,data/cluster/cluster/13/4329_4329.png
51,data/cluster/cluster/54/615_615_.png
51,data/cluster/cluster/54/610_610_.png
51,data/cluster/cluster/54/596_596_.png
51,data/cluster/cluster/54/612_612_.png
51,data/cluster/cluster/54/592_592_.png
51,data/cluster/cluster/54/604_604_.png
51,data/cluster/cluster/54/608_608_.png
52,data/cluster/cluster/5/2086_2086.png
52,data/cluster/cluster/5/4104_4104.png
52,data/cluster/cluster/5/4078_4078.png
52,data/cluster/cluster/5/1624_1624.png
52,data/cluster/cluster/5/1750_1750.png
52,data/cluster/cluster/5/4073_4073.png
52,data/cluster/cluster/5/1242_1242.png
52,data/cluster/cluster/5/4076_4076.png
52,data/cluster/cluster/5/3454_3454.png
52,data/cluster/cluster/5/1752_1752.png
52,data/cluster/cluster/5/2681_2681.png
52,data/cluster/cluster/5/1854_1854.png
52,data/cluster/cluster/5/1823_1823.png
52,data/cluster/cluster/5/1852_1852.png
52,data/cluster/cluster/5/4074_4074.png
52,data/cluster/cluster/5/1627_1627.png
52,data/cluster/cluster/5/1792_1792.png
52,data/cluster/cluster/5/1608_1608.png
52,data/cluster/cluster/5/1865_1865.png
52,data/cluster/cluster/5/1184_1184.png
52,data/cluster/cluster/5/4077_4077.png
52,data/cluster/cluster/5/1827_1827.png
52,data/cluster/cluster/5/1968_1968.png
52,data/cluster/cluster/5/1745_1745.png
52,data/cluster/cluster/5/1631_1631.png
52,data/cluster/cluster/5/2626_2626.png
53,data/cluster/cluster/30/262_262_.png
53,data/cluster/cluster/30/2123_2123.png
53,data/cluster/cluster/30/254_254_.png
53,data/cluster/cluster/30/1790_1790.png
53,data/cluster/cluster/30/1712_1712.png
53,data/cluster/cluster/30/319_319_.png
53,data/cluster/cluster/30/1720_1720.png
53,data/cluster/cluster/30/328_328_.png
53,data/cluster/cluster/30/4071_4071.png
53,data/cluster/cluster/30/268_268_.png
53,data/cluster/cluster/30/3683_3683.png
53,data/cluster/cluster/30/2690_2690.png
53,data/cluster/cluster/30/4587_4587.png
53,data/cluster/cluster/30/1716_1716.png
53,data/cluster/cluster/30/3195_3195.png
53,data/cluster/cluster/30/323_323_.png
53,data/cluster/cluster/30/2876_2876.png
53,data/cluster/cluster/30/1837_1837.png
54,data/cluster/cluster/27/495_495_.png
54,data/cluster/cluster/27/3076_3076.png
54,data/cluster/cluster/27/3098_3098.png
54,data/cluster/cluster/27/4971_4971.png
54,data/cluster/cluster/27/494_494_.png
54,data/cluster/cluster/27/545_545_.png
54,data/cluster/cluster/27/3089_3089.png
55,data/cluster/cluster/22/4089_4089.png
55,data/cluster/cluster/22/629_629_.png
55,data/cluster/cluster/22/1318_1318.png
55,data/cluster/cluster/22/271_271_.png
55,data/cluster/cluster/22/3608_3608.png
55,data/cluster/cluster/22/3650_3650.png
55,data/cluster/cluster/22/3615_3615.png
55,data/cluster/cluster/22/263_263_.png
55,data/cluster/cluster/22/3733_3733.png
55,data/cluster/cluster/22/3736_3736.png
55,data/cluster/cluster/22/4262_4262.png
55,data/cluster/cluster/22/3739_3739.png
55,data/cluster/cluster/22/2573_2573.png
56,data/cluster/cluster/9/2988_2988.png
56,data/cluster/cluster/9/4286_4286.png
56,data/cluster/cluster/9/2947_2947.png
56,data/cluster/cluster/9/2934_2934.png
56,data/cluster/cluster/9/2938_2938.png
56,data/cluster/cluster/9/2969_2969.png
56,data/cluster/cluster/9/339_339_.png
56,data/cluster/cluster/9/2048_2048.png
56,data/cluster/cluster/9/2984_2984.png
57,data/cluster/cluster/56/1017_1017.png
57,data/cluster/cluster/56/1030_1030.png
57,data/cluster/cluster/56/1012_1012.png
57,data/cluster/cluster/56/1014_1014.png
57,data/cluster/cluster/56/1073_1073.png
57,data/cluster/cluster/56/1042_1042.png
57,data/cluster/cluster/56/4259_4259.png
57,data/cluster/cluster/56/1039_1039.png
58,data/cluster/cluster/51/3257_3257.png
58,data/cluster/cluster/51/3244_3244.png
58,data/cluster/cluster/51/3249_3249.png
58,data/cluster/cluster/51/3239_3239.png
58,data/cluster/cluster/51/3253_3253.png
58,data/cluster/cluster/51/3235_3235.png
58,data/cluster/cluster/51/3264_3264.png
58,data/cluster/cluster/51/3189_3189.png
58,data/cluster/cluster/51/3259_3259.png
59,data/cluster/cluster/59/4605_4605.png
59,data/cluster/cluster/59/4599_4599.png
59,data/cluster/cluster/59/4602_4602.png
59,data/cluster/cluster/59/4601_4601.png
59,data/cluster/cluster/59/4600_4600.png
59,data/cluster/cluster/59/4603_4603.png
60,data/cluster/cluster/69/3026_3026.png
60,data/cluster/cluster/69/3069_3069.png
60,data/cluster/cluster/69/2598_2598.png
60,data/cluster/cluster/69/3032_3032.png
60,data/cluster/cluster/69/3015_3015.png
60,data/cluster/cluster/69/2995_2995.png
60,data/cluster/cluster/69/3019_3019.png
60,data/cluster/cluster/69/3011_3011.png
60,data/cluster/cluster/69/3004_3004.png
60,data/cluster/cluster/69/3055_3055.png
60,data/cluster/cluster/69/3043_3043.png
60,data/cluster/cluster/69/3060_3060.png
60,data/cluster/cluster/69/2794_2794.png
60,data/cluster/cluster/69/3001_3001.png
60,data/cluster/cluster/69/3050_3050.png
60,data/cluster/cluster/69/3037_3037.png
60,data/cluster/cluster/69/3022_3022.png
60,data/cluster/cluster/69/3064_3064.png
60,data/cluster/cluster/69/4623_4623.png
60,data/cluster/cluster/69/2998_2998.png
60,data/cluster/cluster/69/2992_2992.png
60,data/cluster/cluster/69/4522_4522.png
60,data/cluster/cluster/69/3007_3007.png
61,data/cluster/cluster/18/2997_2997.png
61,data/cluster/cluster/18/3014_3014.png
61,data/cluster/cluster/18/3006_3006.png
61,data/cluster/cluster/18/2820_2820.png
61,data/cluster/cluster/18/3003_3003.png
61,data/cluster/cluster/18/3042_3042.png
61,data/cluster/cluster/18/3048_3048.png
61,data/cluster/cluster/18/3021_3021.png
61,data/cluster/cluster/18/3000_3000.png
61,data/cluster/cluster/18/3053_3053.png
61,data/cluster/cluster/18/3058_3058.png
61,data/cluster/cluster/18/3009_3009.png
61,data/cluster/cluster/18/3068_3068.png
61,data/cluster/cluster/18/3083_3083.png
61,data/cluster/cluster/18/2994_2994.png
61,data/cluster/cluster/18/3025_3025.png
61,data/cluster/cluster/18/3018_3018.png
61,data/cluster/cluster/18/3031_3031.png
61,data/cluster/cluster/18/2991_2991.png
61,data/cluster/cluster/18/3063_3063.png
61,data/cluster/cluster/18/3036_3036.png
62,data/cluster/cluster/11/4144_4144.png
62,data/cluster/cluster/11/4625_4625.png
62,data/cluster/cluster/11/4139_4139.png
62,data/cluster/cluster/11/4142_4142.png
62,data/cluster/cluster/11/4626_4626.png
62,data/cluster/cluster/11/4138_4138.png
62,data/cluster/cluster/11/4147_4147.png
62,data/cluster/cluster/11/4624_4624.png
62,data/cluster/cluster/11/4133_4133.png
62,data/cluster/cluster/11/4135_4135.png
62,data/cluster/cluster/11/4152_4152.png
63,data/cluster/cluster/1/3041_3041.png
63,data/cluster/cluster/1/1093_1093.png
63,data/cluster/cluster/1/2392_2392.png
63,data/cluster/cluster/1/1350_1350.png
63,data/cluster/cluster/1/985_985.png
63,data/cluster/cluster/1/4552_4552.png
63,data/cluster/cluster/1/1678_1678.png
63,data/cluster/cluster/1/3754_3754.png
63,data/cluster/cluster/1/4161_4161.png
63,data/cluster/cluster/1/238_238_.png
63,data/cluster/cluster/1/981_981.png
63,data/cluster/cluster/1/616_616_.png
63,data/cluster/cluster/1/3024_3024.png
63,data/cluster/cluster/1/968_968.png
63,data/cluster/cluster/1/974_974.png
63,data/cluster/cluster/1/249_249_.png
63,data/cluster/cluster/1/2067_2067.png
63,data/cluster/cluster/1/294_294_.png
63,data/cluster/cluster/1/3059_3059.png
63,data/cluster/cluster/1/2078_2078.png
64,data/cluster/cluster/23/2241_2241.png
64,data/cluster/cluster/23/3421_3421.png
64,data/cluster/cluster/23/2944_2944.png
64,data/cluster/cluster/23/2374_2374.png
64,data/cluster/cluster/23/2247_2247.png
64,data/cluster/cluster/23/2171_2171.png
64,data/cluster/cluster/23/1673_1673.png
64,data/cluster/cluster/23/2257_2257.png
64,data/cluster/cluster/23/2350_2350.png
64,data/cluster/cluster/23/2357_2357.png
64,data/cluster/cluster/23/2245_2245.png
64,data/cluster/cluster/23/2354_2354.png
64,data/cluster/cluster/23/3598_3598.png
64,data/cluster/cluster/23/2243_2243.png
64,data/cluster/cluster/23/2416_2416.png
64,data/cluster/cluster/23/3993_3993.png
65,data/cluster/cluster/79/3379_3379.png
65,data/cluster/cluster/79/4085_4085.png
65,data/cluster/cluster/79/1688_1688.png
65,data/cluster/cluster/79/3532_3532.png
65,data/cluster/cluster/79/4048_4048.png
65,data/cluster/cluster/79/3190_3190.png
65,data/cluster/cluster/79/1693_1693.png
65,data/cluster/cluster/79/3572_3572.png
65,data/cluster/cluster/79/3525_3525.png
65,data/cluster/cluster/79/2396_2396.png
65,data/cluster/cluster/79/3185_3185.png
66,data/cluster/cluster/2/3749_3749.png
66,data/cluster/cluster/2/2063_2063.png
66,data/cluster/cluster/2/2125_2125.png
66,data/cluster/cluster/2/628_628_.png
66,data/cluster/cluster/2/3778_3778.png
66,data/cluster/cluster/2/3710_3710.png
66,data/cluster/cluster/2/2074_2074.png
66,data/cluster/cluster/2/2660_2660.png
67,data/cluster/cluster/64/4836_4836.png
67,data/cluster/cluster/64/4837_4837.png
67,data/cluster/cluster/64/4832_4832.png
67,data/cluster/cluster/64/4831_4831.png
67,data/cluster/cluster/64/4833_4833.png
67,data/cluster/cluster/64/4842_4842.png
67,data/cluster/cluster/64/4830_4830.png
67,data/cluster/cluster/64/4843_4843.png
68,data/cluster/cluster/29/1556_1556.png
68,data/cluster/cluster/29/3921_3921.png
68,data/cluster/cluster/29/1568_1568.png
68,data/cluster/cluster/29/1545_1545.png
68,data/cluster/cluster/29/1563_1563.png
68,data/cluster/cluster/29/3943_3943.png
68,data/cluster/cluster/29/3933_3933.png
68,data/cluster/cluster/29/3939_3939.png
68,data/cluster/cluster/29/1535_1535.png
68,data/cluster/cluster/29/3929_3929.png
68,data/cluster/cluster/29/4053_4053.png
68,data/cluster/cluster/29/3864_3864.png
68,data/cluster/cluster/29/1549_1549.png
68,data/cluster/cluster/29/3947_3947.png
68,data/cluster/cluster/29/1553_1553.png
68,data/cluster/cluster/29/1558_1558.png
68,data/cluster/cluster/29/1566_1566.png
68,data/cluster/cluster/29/4057_4057.png
68,data/cluster/cluster/29/3925_3925.png
68,data/cluster/cluster/29/3854_3854.png
69,data/cluster/cluster/73/4175_4175.png
69,data/cluster/cluster/73/325_325_.png
69,data/cluster/cluster/73/2132_2132.png
69,data/cluster/cluster/73/4156_4156.png
69,data/cluster/cluster/73/3709_3709.png
69,data/cluster/cluster/73/3075_3075.png
70,data/cluster/cluster/14/2639_2639.png
70,data/cluster/cluster/14/2733_2733.png
70,data/cluster/cluster/14/2676_2676.png
70,data/cluster/cluster/14/2789_2789.png
70,data/cluster/cluster/14/4006_4006.png
70,data/cluster/cluster/14/3093_3093.png
70,data/cluster/cluster/14/2772_2772.png
70,data/cluster/cluster/14/2669_2669.png
70,data/cluster/cluster/14/2781_2781.png
70,data/cluster/cluster/14/2724_2724.png
70,data/cluster/cluster/14/2755_2755.png
70,data/cluster/cluster/14/2767_2767.png
70,data/cluster/cluster/14/2728_2728.png
70,data/cluster/cluster/14/2634_2634.png
70,data/cluster/cluster/14/2657_2657.png
70,data/cluster/cluster/14/4047_4047.png
70,data/cluster/cluster/14/2759_2759.png
70,data/cluster/cluster/14/2652_2652.png
70,data/cluster/cluster/14/2686_2686.png
70,data/cluster/cluster/14/2663_2663.png
70,data/cluster/cluster/14/2645_2645.png
70,data/cluster/cluster/14/4059_4059.png
70,data/cluster/cluster/14/2776_2776.png
70,data/cluster/cluster/14/2738_2738.png
70,data/cluster/cluster/14/2750_2750.png
70,data/cluster/cluster/14/2784_2784.png
70,data/cluster/cluster/14/2764_2764.png
70,data/cluster/cluster/14/3081_3081.png
71,data/cluster/cluster/45/21_21_.png
71,data/cluster/cluster/45/25_25_.png
71,data/cluster/cluster/45/4945_4945.png
71,data/cluster/cluster/45/20_20_.png
71,data/cluster/cluster/45/22_22_.png
71,data/cluster/cluster/45/4938_4938.png
71,data/cluster/cluster/45/4942_4942.png
71,data/cluster/cluster/45/4947_4947.png
71,data/cluster/cluster/45/4941_4941.png
71,data/cluster/cluster/45/4939_4939.png
71,data/cluster/cluster/45/30_30_.png
71,data/cluster/cluster/45/27_27_.png
71,data/cluster/cluster/45/4949_4949.png
71,data/cluster/cluster/45/4946_4946.png
71,data/cluster/cluster/45/4943_4943.png
71,data/cluster/cluster/45/4952_4952.png
71,data/cluster/cluster/45/23_23_.png
71,data/cluster/cluster/45/26_26_.png
71,data/cluster/cluster/45/34_34_.png
71,data/cluster/cluster/45/4950_4950.png
71,data/cluster/cluster/45/4948_4948.png
71,data/cluster/cluster/45/4951_4951.png
71,data/cluster/cluster/45/4944_4944.png
71,data/cluster/cluster/45/28_28_.png
71,data/cluster/cluster/45/4937_4937.png
71,data/cluster/cluster/45/35_35_.png
71,data/cluster/cluster/45/4940_4940.png
71,data/cluster/cluster/45/32_32_.png
71,data/cluster/cluster/45/24_24_.png
71,data/cluster/cluster/45/31_31_.png
71,data/cluster/cluster/45/33_33_.png
71,data/cluster/cluster/45/29_29_.png
72,data/cluster/cluster/46/3435_3435.png
72,data/cluster/cluster/46/3407_3407.png
72,data/cluster/cluster/46/3401_3401.png
72,data/cluster/cluster/46/3429_3429.png
72,data/cluster/cluster/46/3457_3457.png
72,data/cluster/cluster/46/3419_3419.png
72,data/cluster/cluster/46/3424_3424.png
72,data/cluster/cluster/46/3494_3494.png
72,data/cluster/cluster/46/2412_2412.png
72,data/cluster/cluster/46/3415_3415.png
72,data/cluster/cluster/46/3452_3452.png
72,data/cluster/cluster/46/3403_3403.png
72,data/cluster/cluster/46/3397_3397.png
72,data/cluster/cluster/46/3440_3440.png
72,data/cluster/cluster/46/3433_3433.png
73,data/cluster/cluster/71/2173_2173.png
73,data/cluster/cluster/71/2708_2708.png
73,data/cluster/cluster/71/1347_1347.png
73,data/cluster/cluster/71/1367_1367.png
73,data/cluster/cluster/71/1395_1395.png
73,data/cluster/cluster/71/1388_1388.png
73,data/cluster/cluster/71/4163_4163.png
73,data/cluster/cluster/71/1393_1393.png
73,data/cluster/cluster/71/1355_1355.png
73,data/cluster/cluster/71/2721_2721.png
73,data/cluster/cluster/71/1369_1369.png
73,data/cluster/cluster/71/1372_1372.png
74,data/cluster/cluster/68/2841_2841.png
74,data/cluster/cluster/68/4256_4256.png
74,data/cluster/cluster/68/3891_3891.png
74,data/cluster/cluster/68/2629_2629.png
74,data/cluster/cluster/68/4260_4260.png
74,data/cluster/cluster/68/1614_1614.png
74,data/cluster/cluster/68/2620_2620.png
74,data/cluster/cluster/68/2624_2624.png
74,data/cluster/cluster/68/3915_3915.png
74,data/cluster/cluster/68/3902_3902.png
75,data/cluster/cluster/57/5024_5024.png
75,data/cluster/cluster/57/5039_5039.png
75,data/cluster/cluster/57/116_116_.png
75,data/cluster/cluster/57/98_98_.png
75,data/cluster/cluster/57/118_118_.png
75,data/cluster/cluster/57/103_103_.png
75,data/cluster/cluster/57/5020_5020.png
76,data/cluster/cluster/16/2422_2422.png
76,data/cluster/cluster/16/2600_2600.png
76,data/cluster/cluster/16/2589_2589.png
76,data/cluster/cluster/16/2611_2611.png
76,data/cluster/cluster/16/2615_2615.png
76,data/cluster/cluster/16/4718_4718.png
76,data/cluster/cluster/16/2546_2546.png
76,data/cluster/cluster/16/302_302_.png
76,data/cluster/cluster/16/3716_3716.png
76,data/cluster/cluster/16/1364_1364.png
76,data/cluster/cluster/16/2075_2075.png
76,data/cluster/cluster/16/2584_2584.png
76,data/cluster/cluster/16/2618_2618.png
77,data/cluster/cluster/72/3339_3339.png
77,data/cluster/cluster/72/1399_1399.png
77,data/cluster/cluster/72/4113_4113.png
77,data/cluster/cluster/72/3342_3342.png
78,data/cluster/cluster/6/4739_4739.png
78,data/cluster/cluster/6/3164_3164.png
78,data/cluster/cluster/6/3237_3237.png
78,data/cluster/cluster/6/3258_3258.png
78,data/cluster/cluster/6/4101_4101.png
78,data/cluster/cluster/6/2009_2009.png
78,data/cluster/cluster/6/4084_4084.png
78,data/cluster/cluster/6/3825_3825.png
78,data/cluster/cluster/6/3128_3128.png
78,data/cluster/cluster/6/3255_3255.png
78,data/cluster/cluster/6/3223_3223.png
78,data/cluster/cluster/6/3233_3233.png
78,data/cluster/cluster/6/3288_3288.png
78,data/cluster/cluster/6/54_54_.png
78,data/cluster/cluster/6/3230_3230.png
79,data/cluster/cluster/0/2510_2510.png
79,data/cluster/cluster/0/2550_2550.png
79,data/cluster/cluster/0/2524_2524.png
79,data/cluster/cluster/0/2496_2496.png
79,data/cluster/cluster/0/2564_2564.png
79,data/cluster/cluster/0/2441_2441.png
79,data/cluster/cluster/0/2514_2514.png
79,data/cluster/cluster/0/2492_2492.png
79,data/cluster/cluster/0/2607_2607.png
79,data/cluster/cluster/0/4734_4734.png
79,data/cluster/cluster/0/2538_2538.png
79,data/cluster/cluster/0/2594_2594.png
79,data/cluster/cluster/0/2489_2489.png
79,data/cluster/cluster/0/2520_2520.png
79,data/cluster/cluster/0/2501_2501.png
79,data/cluster/cluster/0/2135_2135.png
79,data/cluster/cluster/0/2542_2542.png
79,data/cluster/cluster/0/2622_2622.png
79,data/cluster/cluster/0/1655_1655.png
79,data/cluster/cluster/0/2570_2570.png
79,data/cluster/cluster/0/1658_1658.png
79,data/cluster/cluster/0/2484_2484.png
79,data/cluster/cluster/0/2478_2478.png
79,data/cluster/cluster/0/2505_2505.png
80,data/cluster/cluster/67/2282_2282.png
80,data/cluster/cluster/67/2300_2300.png
80,data/cluster/cluster/67/2292_2292.png
80,data/cluster/cluster/67/2274_2274.png
80,data/cluster/cluster/67/2263_2263.png
80,data/cluster/cluster/67/2277_2277.png
80,data/cluster/cluster/67/2290_2290.png
80,data/cluster/cluster/67/2275_2275.png
80,data/cluster/cluster/67/2278_2278.png
80,data/cluster/cluster/67/2311_2311.png
80,data/cluster/cluster/67/2324_2324.png
80,data/cluster/cluster/67/2280_2280.png
80,data/cluster/cluster/67/2326_2326.png
80,data/cluster/cluster/67/2260_2260.png
80,data/cluster/cluster/67/2313_2313.png
80,data/cluster/cluster/67/2271_2271.png
80,data/cluster/cluster/67/2251_2251.png
80,data/cluster/cluster/67/2249_2249.png
80,data/cluster/cluster/67/2295_2295.png
80,data/cluster/cluster/67/2268_2268.png
80,data/cluster/cluster/67/2320_2320.png
80,data/cluster/cluster/67/2253_2253.png
80,data/cluster/cluster/67/2265_2265.png
80,data/cluster/cluster/67/2258_2258.png
80,data/cluster/cluster/67/2307_2307.png
80,data/cluster/cluster/67/2262_2262.png
