1,data/hworld/aligned/Shubham/Shubham_200.png
1,data/hworld/aligned/Shubham/Shubham_0.png
1,data/hworld/aligned/Shubham/Shubham_180.png
1,data/hworld/aligned/Shubham/Shubham_340.png
1,data/hworld/aligned/Shubham/Shubham_20.png
1,data/hworld/aligned/Shubham/Shubham_280.png
1,data/hworld/aligned/Shubham/Shubham_300.png
1,data/hworld/aligned/Shubham/Shubham_120.png
1,data/hworld/aligned/Shubham/Shubham_40.png
1,data/hworld/aligned/Shubham/Shubham_60.png
1,data/hworld/aligned/Shubham/Shubham_260.png
1,data/hworld/aligned/Shubham/Shubham_140.png
1,data/hworld/aligned/Shubham/Shubham_80.png
1,data/hworld/aligned/Shubham/Shubham_380.png
1,data/hworld/aligned/Shubham/Shubham_160.png
1,data/hworld/aligned/Shubham/Shubham_360.png
1,data/hworld/aligned/Shubham/Shubham_240.png
1,data/hworld/aligned/Shubham/Shubham_320.png
1,data/hworld/aligned/Shubham/Shubham_100.png
1,data/hworld/aligned/Shubham/Shubham_220.png
2,data/hworld/aligned/Ganshu/Ganshu_320.png
2,data/hworld/aligned/Ganshu/Ganshu_0.png
2,data/hworld/aligned/Ganshu/Ganshu_240.png
2,data/hworld/aligned/Ganshu/Ganshu_180.png
2,data/hworld/aligned/Ganshu/IMG_7963.png
2,data/hworld/aligned/Ganshu/Ganshu_280.png
2,data/hworld/aligned/Ganshu/Ganshu_20.png
2,data/hworld/aligned/Ganshu/IMG_8464.png
2,data/hworld/aligned/Ganshu/Ganshu_140.png
2,data/hworld/aligned/Ganshu/Ganshu_380.png
2,data/hworld/aligned/Ganshu/Ganshu_160.png
2,data/hworld/aligned/Ganshu/Ganshu_80.png
2,data/hworld/aligned/Ganshu/Ganshu_60.png
2,data/hworld/aligned/Ganshu/Ganshu_220.png
2,data/hworld/aligned/Ganshu/Ganshu_340.png
2,data/hworld/aligned/Ganshu/Ganshu_300.png
2,data/hworld/aligned/Ganshu/Ganshu_200.png
2,data/hworld/aligned/Ganshu/Ganshu_360.png
2,data/hworld/aligned/Ganshu/Ganshu_260.png
2,data/hworld/aligned/Ganshu/IMG_8462.png
2,data/hworld/aligned/Ganshu/Ganshu_100.png
2,data/hworld/aligned/Ganshu/Ganshu_40.png
2,data/hworld/aligned/Ganshu/Ganshu_120.png
3,data/hworld/aligned/Dsapra/Dsapra_100.png
3,data/hworld/aligned/Dsapra/Dsapra_20.png
3,data/hworld/aligned/Dsapra/Dsapra_320.png
3,data/hworld/aligned/Dsapra/Dsapra_180.png
3,data/hworld/aligned/Dsapra/Dsapra_260.png
3,data/hworld/aligned/Dsapra/Dsapra_280.png
3,data/hworld/aligned/Dsapra/Dsapra_360.png
3,data/hworld/aligned/Dsapra/Dsapra_300.png
3,data/hworld/aligned/Dsapra/Dsapra_340.png
3,data/hworld/aligned/Dsapra/Dsapra_200.png
3,data/hworld/aligned/Dsapra/Dsapra_240.png
3,data/hworld/aligned/Dsapra/Dsapra_140.png
3,data/hworld/aligned/Dsapra/Dsapra_220.png
3,data/hworld/aligned/Dsapra/Dsapra_80.png
3,data/hworld/aligned/Dsapra/Dsapra_40.png
3,data/hworld/aligned/Dsapra/Dsapra_380.png
3,data/hworld/aligned/Dsapra/Dsapra_120.png
4,data/hworld/aligned/Arnavsir/Arnavsir_260.png
4,data/hworld/aligned/Arnavsir/Arnavsir_160.png
4,data/hworld/aligned/Arnavsir/Arnavsir_180.png
4,data/hworld/aligned/Arnavsir/Arnavsir_40.png
4,data/hworld/aligned/Arnavsir/Arnavsir_100.png
4,data/hworld/aligned/Arnavsir/Arnavsir_80.png
4,data/hworld/aligned/Arnavsir/Arnavsir_300.png
4,data/hworld/aligned/Arnavsir/Arnavsir_320.png
4,data/hworld/aligned/Arnavsir/Arnavsir_240.png
4,data/hworld/aligned/Arnavsir/Arnavsir_360.png
4,data/hworld/aligned/Arnavsir/Arnavsir_120.png
4,data/hworld/aligned/Arnavsir/Arnavsir_60.png
4,data/hworld/aligned/Arnavsir/Arnavsir_380.png
4,data/hworld/aligned/Arnavsir/Arnavsir_340.png
4,data/hworld/aligned/Arnavsir/Arnavsir_220.png
4,data/hworld/aligned/Arnavsir/Arnavsir_20.png
4,data/hworld/aligned/Arnavsir/Arnavsir_200.png
4,data/hworld/aligned/Arnavsir/Arnavsir_0.png
4,data/hworld/aligned/Arnavsir/Arnavsir_140.png
5,data/hworld/aligned/Swapnil/Swapnil_300.png
5,data/hworld/aligned/Swapnil/Swapnil_60.png
5,data/hworld/aligned/Swapnil/Swapnil_180.png
5,data/hworld/aligned/Swapnil/Swapnil_140.png
5,data/hworld/aligned/Swapnil/Swapnil_260.png
5,data/hworld/aligned/Swapnil/Swapnil_340.png
5,data/hworld/aligned/Swapnil/Swapnil_220.png
5,data/hworld/aligned/Swapnil/Swapnil_100.png
5,data/hworld/aligned/Swapnil/Swapnil_20.png
5,data/hworld/aligned/Swapnil/Swapnil_40.png
5,data/hworld/aligned/Swapnil/Swapnil_0.png
5,data/hworld/aligned/Swapnil/Swapnil_240.png
5,data/hworld/aligned/Swapnil/Swapnil_280.png
5,data/hworld/aligned/Swapnil/Swapnil_360.png
5,data/hworld/aligned/Swapnil/Swapnil_380.png
5,data/hworld/aligned/Swapnil/Swapnil_120.png
5,data/hworld/aligned/Swapnil/Swapnil_80.png
5,data/hworld/aligned/Swapnil/Swapnil_200.png
5,data/hworld/aligned/Swapnil/Swapnil_320.png
5,data/hworld/aligned/Swapnil/Swapnil_160.png
6,data/hworld/aligned/Anilsir/Anilsir_200.png
6,data/hworld/aligned/Anilsir/Anilsir_220.png
6,data/hworld/aligned/Anilsir/Anilsir_380.png
6,data/hworld/aligned/Anilsir/Anilsir_160.png
6,data/hworld/aligned/Anilsir/Anilsir_280.png
6,data/hworld/aligned/Anilsir/Anilsir_20.png
6,data/hworld/aligned/Anilsir/Anilsir_120.png
6,data/hworld/aligned/Anilsir/Anilsir_240.png
6,data/hworld/aligned/Anilsir/Anilsir_100.png
6,data/hworld/aligned/Anilsir/Anilsir_40.png
6,data/hworld/aligned/Anilsir/Anilsir_80.png
6,data/hworld/aligned/Anilsir/Anilsir_0.png
6,data/hworld/aligned/Anilsir/Anilsir_180.png
6,data/hworld/aligned/Anilsir/Anilsir_140.png
6,data/hworld/aligned/Anilsir/Anilsir_360.png
6,data/hworld/aligned/Anilsir/Anilsir_60.png
6,data/hworld/aligned/Anilsir/Anilsir_320.png
6,data/hworld/aligned/Anilsir/Anilsir_300.png
6,data/hworld/aligned/Anilsir/Anilsir_340.png
6,data/hworld/aligned/Anilsir/Anilsir_260.png
