1,data/cluster/aligned/raw/4949_4949.png
1,data/cluster/aligned/raw/3058_3058.png
1,data/cluster/aligned/raw/620_620_.png
1,data/cluster/aligned/raw/3429_3429.png
1,data/cluster/aligned/raw/2067_2067.png
1,data/cluster/aligned/raw/37_37_.png
1,data/cluster/aligned/raw/1823_1823.png
1,data/cluster/aligned/raw/4662_4662.png
1,data/cluster/aligned/raw/2530_2530.png
1,data/cluster/aligned/raw/2300_2300.png
1,data/cluster/aligned/raw/273_273_.png
1,data/cluster/aligned/raw/3858_3858.png
1,data/cluster/aligned/raw/3448_3448.png
1,data/cluster/aligned/raw/4284_4284.png
1,data/cluster/aligned/raw/2365_2365.png
1,data/cluster/aligned/raw/4551_4551.png
1,data/cluster/aligned/raw/1363_1363.png
1,data/cluster/aligned/raw/1929_1929.png
1,data/cluster/aligned/raw/1553_1553.png
1,data/cluster/aligned/raw/3379_3379.png
1,data/cluster/aligned/raw/2821_2821.png
1,data/cluster/aligned/raw/2460_2460.png
1,data/cluster/aligned/raw/4946_4946.png
1,data/cluster/aligned/raw/3212_3212.png
1,data/cluster/aligned/raw/2034_2034.png
1,data/cluster/aligned/raw/2023_2023.png
1,data/cluster/aligned/raw/46_46_.png
1,data/cluster/aligned/raw/2165_2165.png
1,data/cluster/aligned/raw/3715_3715.png
1,data/cluster/aligned/raw/2350_2350.png
1,data/cluster/aligned/raw/2096_2096.png
1,data/cluster/aligned/raw/3489_3489.png
1,data/cluster/aligned/raw/290_290_.png
1,data/cluster/aligned/raw/72_72_.png
1,data/cluster/aligned/raw/2998_2998.png
1,data/cluster/aligned/raw/4967_4967.png
1,data/cluster/aligned/raw/2521_2521.png
1,data/cluster/aligned/raw/3999_3999.png
1,data/cluster/aligned/raw/4605_4605.png
1,data/cluster/aligned/raw/3054_3054.png
1,data/cluster/aligned/raw/3943_3943.png
1,data/cluster/aligned/raw/3071_3071.png
1,data/cluster/aligned/raw/2539_2539.png
1,data/cluster/aligned/raw/3011_3011.png
1,data/cluster/aligned/raw/2815_2815.png
1,data/cluster/aligned/raw/4054_4054.png
1,data/cluster/aligned/raw/2241_2241.png
1,data/cluster/aligned/raw/3574_3574.png
1,data/cluster/aligned/raw/4037_4037.png
1,data/cluster/aligned/raw/2760_2760.png
1,data/cluster/aligned/raw/4978_4978.png
1,data/cluster/aligned/raw/3572_3572.png
1,data/cluster/aligned/raw/2332_2332.png
1,data/cluster/aligned/raw/2848_2848.png
1,data/cluster/aligned/raw/3089_3089.png
1,data/cluster/aligned/raw/2503_2503.png
1,data/cluster/aligned/raw/2876_2876.png
1,data/cluster/aligned/raw/43_43_.png
1,data/cluster/aligned/raw/3042_3042.png
1,data/cluster/aligned/raw/3768_3768.png
1,data/cluster/aligned/raw/78_78_.png
1,data/cluster/aligned/raw/3755_3755.png
1,data/cluster/aligned/raw/103_103_.png
1,data/cluster/aligned/raw/2764_2764.png
1,data/cluster/aligned/raw/2478_2478.png
1,data/cluster/aligned/raw/2598_2598.png
1,data/cluster/aligned/raw/2168_2168.png
1,data/cluster/aligned/raw/3258_3258.png
1,data/cluster/aligned/raw/973_973.png
1,data/cluster/aligned/raw/2108_2108.png
1,data/cluster/aligned/raw/3591_3591.png
1,data/cluster/aligned/raw/4833_4833.png
1,data/cluster/aligned/raw/2016_2016.png
1,data/cluster/aligned/raw/1880_1880.png
1,data/cluster/aligned/raw/4916_4916.png
1,data/cluster/aligned/raw/5026_5026.png
1,data/cluster/aligned/raw/3064_3064.png
1,data/cluster/aligned/raw/617_617_.png
1,data/cluster/aligned/raw/3414_3414.png
1,data/cluster/aligned/raw/1347_1347.png
1,data/cluster/aligned/raw/3578_3578.png
1,data/cluster/aligned/raw/1678_1678.png
1,data/cluster/aligned/raw/2600_2600.png
1,data/cluster/aligned/raw/981_981.png
1,data/cluster/aligned/raw/2317_2317.png
1,data/cluster/aligned/raw/4024_4024.png
1,data/cluster/aligned/raw/4277_4277.png
1,data/cluster/aligned/raw/3485_3485.png
1,data/cluster/aligned/raw/4999_4999.png
1,data/cluster/aligned/raw/4011_4011.png
1,data/cluster/aligned/raw/4074_4074.png
1,data/cluster/aligned/raw/4950_4950.png
1,data/cluster/aligned/raw/2027_2027.png
1,data/cluster/aligned/raw/3325_3325.png
1,data/cluster/aligned/raw/1919_1919.png
1,data/cluster/aligned/raw/1637_1637.png
1,data/cluster/aligned/raw/4073_4073.png
1,data/cluster/aligned/raw/2322_2322.png
1,data/cluster/aligned/raw/20_20_.png
1,data/cluster/aligned/raw/4644_4644.png
1,data/cluster/aligned/raw/1666_1666.png
1,data/cluster/aligned/raw/982_982.png
1,data/cluster/aligned/raw/5_5_.png
1,data/cluster/aligned/raw/2084_2084.png
1,data/cluster/aligned/raw/2063_2063.png
1,data/cluster/aligned/raw/1133_1133.png
1,data/cluster/aligned/raw/1396_1396.png
1,data/cluster/aligned/raw/2175_2175.png
1,data/cluster/aligned/raw/1344_1344.png
1,data/cluster/aligned/raw/2388_2388.png
1,data/cluster/aligned/raw/4934_4934.png
1,data/cluster/aligned/raw/4734_4734.png
1,data/cluster/aligned/raw/4973_4973.png
1,data/cluster/aligned/raw/18_18_.png
1,data/cluster/aligned/raw/2240_2240.png
1,data/cluster/aligned/raw/4266_4266.png
1,data/cluster/aligned/raw/3048_3048.png
1,data/cluster/aligned/raw/4062_4062.png
1,data/cluster/aligned/raw/65_65_.png
1,data/cluster/aligned/raw/4138_4138.png
1,data/cluster/aligned/raw/3244_3244.png
1,data/cluster/aligned/raw/2850_2850.png
1,data/cluster/aligned/raw/2508_2508.png
1,data/cluster/aligned/raw/3469_3469.png
1,data/cluster/aligned/raw/5020_5020.png
1,data/cluster/aligned/raw/2728_2728.png
1,data/cluster/aligned/raw/2803_2803.png
1,data/cluster/aligned/raw/2833_2833.png
1,data/cluster/aligned/raw/1623_1623.png
1,data/cluster/aligned/raw/2985_2985.png
1,data/cluster/aligned/raw/2357_2357.png
1,data/cluster/aligned/raw/3457_3457.png
1,data/cluster/aligned/raw/95_95_.png
1,data/cluster/aligned/raw/1195_1195.png
1,data/cluster/aligned/raw/1088_1088.png
1,data/cluster/aligned/raw/614_614_.png
1,data/cluster/aligned/raw/1887_1887.png
1,data/cluster/aligned/raw/4071_4071.png
1,data/cluster/aligned/raw/3727_3727.png
1,data/cluster/aligned/raw/2320_2320.png
1,data/cluster/aligned/raw/2564_2564.png
1,data/cluster/aligned/raw/2570_2570.png
1,data/cluster/aligned/raw/4274_4274.png
1,data/cluster/aligned/raw/3441_3441.png
1,data/cluster/aligned/raw/2171_2171.png
1,data/cluster/aligned/raw/3339_3339.png
1,data/cluster/aligned/raw/2547_2547.png
1,data/cluster/aligned/raw/1712_1712.png
1,data/cluster/aligned/raw/2147_2147.png
1,data/cluster/aligned/raw/1135_1135.png
1,data/cluster/aligned/raw/2224_2224.png
1,data/cluster/aligned/raw/5005_5005.png
1,data/cluster/aligned/raw/2767_2767.png
1,data/cluster/aligned/raw/3684_3684.png
1,data/cluster/aligned/raw/2798_2798.png
1,data/cluster/aligned/raw/3576_3576.png
1,data/cluster/aligned/raw/3492_3492.png
1,data/cluster/aligned/raw/49_49_.png
1,data/cluster/aligned/raw/2417_2417.png
1,data/cluster/aligned/raw/2971_2971.png
1,data/cluster/aligned/raw/3189_3189.png
1,data/cluster/aligned/raw/3653_3653.png
1,data/cluster/aligned/raw/1355_1355.png
1,data/cluster/aligned/raw/2014_2014.png
1,data/cluster/aligned/raw/2151_2151.png
1,data/cluster/aligned/raw/4211_4211.png
1,data/cluster/aligned/raw/3069_3069.png
1,data/cluster/aligned/raw/4192_4192.png
1,data/cluster/aligned/raw/1211_1211.png
1,data/cluster/aligned/raw/3004_3004.png
1,data/cluster/aligned/raw/2227_2227.png
1,data/cluster/aligned/raw/494_494_.png
1,data/cluster/aligned/raw/4142_4142.png
1,data/cluster/aligned/raw/4968_4968.png
1,data/cluster/aligned/raw/60_60_.png
1,data/cluster/aligned/raw/4001_4001.png
1,data/cluster/aligned/raw/4044_4044.png
1,data/cluster/aligned/raw/2785_2785.png
1,data/cluster/aligned/raw/1119_1119.png
1,data/cluster/aligned/raw/4995_4995.png
1,data/cluster/aligned/raw/4938_4938.png
1,data/cluster/aligned/raw/268_268_.png
1,data/cluster/aligned/raw/1176_1176.png
1,data/cluster/aligned/raw/3460_3460.png
1,data/cluster/aligned/raw/2514_2514.png
1,data/cluster/aligned/raw/1260_1260.png
1,data/cluster/aligned/raw/2550_2550.png
1,data/cluster/aligned/raw/4098_4098.png
1,data/cluster/aligned/raw/4543_4543.png
1,data/cluster/aligned/raw/3584_3584.png
1,data/cluster/aligned/raw/4260_4260.png
1,data/cluster/aligned/raw/3174_3174.png
1,data/cluster/aligned/raw/2856_2856.png
1,data/cluster/aligned/raw/4658_4658.png
1,data/cluster/aligned/raw/2209_2209.png
1,data/cluster/aligned/raw/3082_3082.png
1,data/cluster/aligned/raw/3473_3473.png
1,data/cluster/aligned/raw/2546_2546.png
1,data/cluster/aligned/raw/3249_3249.png
1,data/cluster/aligned/raw/4651_4651.png
1,data/cluster/aligned/raw/1843_1843.png
1,data/cluster/aligned/raw/2501_2501.png
1,data/cluster/aligned/raw/2634_2634.png
1,data/cluster/aligned/raw/2396_2396.png
1,data/cluster/aligned/raw/2403_2403.png
1,data/cluster/aligned/raw/616_616_.png
1,data/cluster/aligned/raw/3075_3075.png
1,data/cluster/aligned/raw/2782_2782.png
1,data/cluster/aligned/raw/3477_3477.png
1,data/cluster/aligned/raw/4064_4064.png
1,data/cluster/aligned/raw/4135_4135.png
1,data/cluster/aligned/raw/4524_4524.png
1,data/cluster/aligned/raw/287_287_.png
1,data/cluster/aligned/raw/1394_1394.png
1,data/cluster/aligned/raw/1915_1915.png
1,data/cluster/aligned/raw/3498_3498.png
1,data/cluster/aligned/raw/2289_2289.png
1,data/cluster/aligned/raw/1624_1624.png
1,data/cluster/aligned/raw/4718_4718.png
1,data/cluster/aligned/raw/3342_3342.png
1,data/cluster/aligned/raw/610_610_.png
1,data/cluster/aligned/raw/1792_1792.png
1,data/cluster/aligned/raw/4640_4640.png
1,data/cluster/aligned/raw/3428_3428.png
1,data/cluster/aligned/raw/1872_1872.png
1,data/cluster/aligned/raw/4971_4971.png
1,data/cluster/aligned/raw/3641_3641.png
1,data/cluster/aligned/raw/2492_2492.png
1,data/cluster/aligned/raw/2722_2722.png
1,data/cluster/aligned/raw/3007_3007.png
1,data/cluster/aligned/raw/4628_4628.png
1,data/cluster/aligned/raw/3725_3725.png
1,data/cluster/aligned/raw/2424_2424.png
1,data/cluster/aligned/raw/84_84_.png
1,data/cluster/aligned/raw/1217_1217.png
1,data/cluster/aligned/raw/2526_2526.png
1,data/cluster/aligned/raw/1688_1688.png
1,data/cluster/aligned/raw/1362_1362.png
1,data/cluster/aligned/raw/3442_3442.png
1,data/cluster/aligned/raw/4147_4147.png
1,data/cluster/aligned/raw/2140_2140.png
1,data/cluster/aligned/raw/1909_1909.png
1,data/cluster/aligned/raw/3237_3237.png
1,data/cluster/aligned/raw/4080_4080.png
1,data/cluster/aligned/raw/2869_2869.png
1,data/cluster/aligned/raw/3419_3419.png
1,data/cluster/aligned/raw/3467_3467.png
1,data/cluster/aligned/raw/4992_4992.png
1,data/cluster/aligned/raw/2729_2729.png
1,data/cluster/aligned/raw/1827_1827.png
1,data/cluster/aligned/raw/4070_4070.png
1,data/cluster/aligned/raw/1568_1568.png
1,data/cluster/aligned/raw/2258_2258.png
1,data/cluster/aligned/raw/3435_3435.png
1,data/cluster/aligned/raw/2162_2162.png
1,data/cluster/aligned/raw/3112_3112.png
1,data/cluster/aligned/raw/3235_3235.png
1,data/cluster/aligned/raw/1073_1073.png
1,data/cluster/aligned/raw/1348_1348.png
1,data/cluster/aligned/raw/57_57_.png
1,data/cluster/aligned/raw/1768_1768.png
1,data/cluster/aligned/raw/1365_1365.png
1,data/cluster/aligned/raw/260_260_.png
1,data/cluster/aligned/raw/3179_3179.png
1,data/cluster/aligned/raw/2265_2265.png
1,data/cluster/aligned/raw/3993_3993.png
1,data/cluster/aligned/raw/4976_4976.png
1,data/cluster/aligned/raw/4329_4329.png
1,data/cluster/aligned/raw/4917_4917.png
1,data/cluster/aligned/raw/2382_2382.png
1,data/cluster/aligned/raw/2468_2468.png
1,data/cluster/aligned/raw/2257_2257.png
1,data/cluster/aligned/raw/3598_3598.png
1,data/cluster/aligned/raw/82_82_.png
1,data/cluster/aligned/raw/116_116_.png
1,data/cluster/aligned/raw/1364_1364.png
1,data/cluster/aligned/raw/2524_2524.png
1,data/cluster/aligned/raw/2814_2814.png
1,data/cluster/aligned/raw/2555_2555.png
1,data/cluster/aligned/raw/3490_3490.png
1,data/cluster/aligned/raw/2135_2135.png
1,data/cluster/aligned/raw/2924_2924.png
1,data/cluster/aligned/raw/4829_4829.png
1,data/cluster/aligned/raw/4059_4059.png
1,data/cluster/aligned/raw/1740_1740.png
1,data/cluster/aligned/raw/1339_1339.png
1,data/cluster/aligned/raw/1393_1393.png
1,data/cluster/aligned/raw/2142_2142.png
1,data/cluster/aligned/raw/2494_2494.png
1,data/cluster/aligned/raw/3583_3583.png
1,data/cluster/aligned/raw/2352_2352.png
1,data/cluster/aligned/raw/3248_3248.png
1,data/cluster/aligned/raw/2225_2225.png
1,data/cluster/aligned/raw/4926_4926.png
1,data/cluster/aligned/raw/3009_3009.png
1,data/cluster/aligned/raw/1903_1903.png
1,data/cluster/aligned/raw/608_608_.png
1,data/cluster/aligned/raw/4021_4021.png
1,data/cluster/aligned/raw/4290_4290.png
1,data/cluster/aligned/raw/4924_4924.png
1,data/cluster/aligned/raw/2831_2831.png
1,data/cluster/aligned/raw/1893_1893.png
1,data/cluster/aligned/raw/73_73_.png
1,data/cluster/aligned/raw/5039_5039.png
1,data/cluster/aligned/raw/2773_2773.png
1,data/cluster/aligned/raw/1593_1593.png
1,data/cluster/aligned/raw/30_30_.png
1,data/cluster/aligned/raw/1349_1349.png
1,data/cluster/aligned/raw/2369_2369.png
1,data/cluster/aligned/raw/1875_1875.png
1,data/cluster/aligned/raw/1750_1750.png
1,data/cluster/aligned/raw/2423_2423.png
1,data/cluster/aligned/raw/2381_2381.png
1,data/cluster/aligned/raw/3754_3754.png
1,data/cluster/aligned/raw/2649_2649.png
1,data/cluster/aligned/raw/549_549_.png
1,data/cluster/aligned/raw/2326_2326.png
1,data/cluster/aligned/raw/4133_4133.png
1,data/cluster/aligned/raw/52_52_.png
1,data/cluster/aligned/raw/3006_3006.png
1,data/cluster/aligned/raw/4076_4076.png
1,data/cluster/aligned/raw/2994_2994.png
1,data/cluster/aligned/raw/3099_3099.png
1,data/cluster/aligned/raw/1597_1597.png
1,data/cluster/aligned/raw/4309_4309.png
1,data/cluster/aligned/raw/4105_4105.png
1,data/cluster/aligned/raw/3601_3601.png
1,data/cluster/aligned/raw/4634_4634.png
1,data/cluster/aligned/raw/3452_3452.png
1,data/cluster/aligned/raw/1563_1563.png
1,data/cluster/aligned/raw/2490_2490.png
1,data/cluster/aligned/raw/106_106_.png
1,data/cluster/aligned/raw/3158_3158.png
1,data/cluster/aligned/raw/3185_3185.png
1,data/cluster/aligned/raw/4219_4219.png
1,data/cluster/aligned/raw/6_6_.png
1,data/cluster/aligned/raw/2827_2827.png
1,data/cluster/aligned/raw/2673_2673.png
1,data/cluster/aligned/raw/3025_3025.png
1,data/cluster/aligned/raw/4053_4053.png
1,data/cluster/aligned/raw/4077_4077.png
1,data/cluster/aligned/raw/185_185_.png
1,data/cluster/aligned/raw/2068_2068.png
1,data/cluster/aligned/raw/4980_4980.png
1,data/cluster/aligned/raw/35_35_.png
1,data/cluster/aligned/raw/2681_2681.png
1,data/cluster/aligned/raw/2405_2405.png
1,data/cluster/aligned/raw/4636_4636.png
1,data/cluster/aligned/raw/4104_4104.png
1,data/cluster/aligned/raw/257_257_.png
1,data/cluster/aligned/raw/4842_4842.png
1,data/cluster/aligned/raw/3328_3328.png
1,data/cluster/aligned/raw/2234_2234.png
1,data/cluster/aligned/raw/2817_2817.png
1,data/cluster/aligned/raw/2262_2262.png
1,data/cluster/aligned/raw/2231_2231.png
1,data/cluster/aligned/raw/2038_2038.png
1,data/cluster/aligned/raw/1968_1968.png
1,data/cluster/aligned/raw/1146_1146.png
1,data/cluster/aligned/raw/11_11_.png
1,data/cluster/aligned/raw/4262_4262.png
1,data/cluster/aligned/raw/3116_3116.png
1,data/cluster/aligned/raw/249_249_.png
1,data/cluster/aligned/raw/1931_1931.png
1,data/cluster/aligned/raw/2066_2066.png
1,data/cluster/aligned/raw/2090_2090.png
1,data/cluster/aligned/raw/4836_4836.png
1,data/cluster/aligned/raw/1921_1921.png
1,data/cluster/aligned/raw/10_10_.png
1,data/cluster/aligned/raw/3424_3424.png
1,data/cluster/aligned/raw/271_271_.png
1,data/cluster/aligned/raw/4301_4301.png
1,data/cluster/aligned/raw/2790_2790.png
1,data/cluster/aligned/raw/4042_4042.png
1,data/cluster/aligned/raw/4137_4137.png
1,data/cluster/aligned/raw/615_615_.png
1,data/cluster/aligned/raw/3108_3108.png
1,data/cluster/aligned/raw/2309_2309.png
1,data/cluster/aligned/raw/3175_3175.png
1,data/cluster/aligned/raw/51_51_.png
1,data/cluster/aligned/raw/601_601_.png
1,data/cluster/aligned/raw/3176_3176.png
1,data/cluster/aligned/raw/2271_2271.png
1,data/cluster/aligned/raw/2100_2100.png
1,data/cluster/aligned/raw/3705_3705.png
1,data/cluster/aligned/raw/1917_1917.png
1,data/cluster/aligned/raw/4653_4653.png
1,data/cluster/aligned/raw/1535_1535.png
1,data/cluster/aligned/raw/3933_3933.png
1,data/cluster/aligned/raw/2422_2422.png
1,data/cluster/aligned/raw/38_38_.png
1,data/cluster/aligned/raw/1854_1854.png
1,data/cluster/aligned/raw/3620_3620.png
1,data/cluster/aligned/raw/62_62_.png
1,data/cluster/aligned/raw/3593_3593.png
1,data/cluster/aligned/raw/4552_4552.png
1,data/cluster/aligned/raw/3491_3491.png
1,data/cluster/aligned/raw/3041_3041.png
1,data/cluster/aligned/raw/1580_1580.png
1,data/cluster/aligned/raw/3200_3200.png
1,data/cluster/aligned/raw/2354_2354.png
1,data/cluster/aligned/raw/2441_2441.png
1,data/cluster/aligned/raw/2721_2721.png
1,data/cluster/aligned/raw/262_262_.png
1,data/cluster/aligned/raw/2865_2865.png
1,data/cluster/aligned/raw/1351_1351.png
1,data/cluster/aligned/raw/3463_3463.png
1,data/cluster/aligned/raw/3636_3636.png
1,data/cluster/aligned/raw/4112_4112.png
1,data/cluster/aligned/raw/4739_4739.png
1,data/cluster/aligned/raw/4085_4085.png
1,data/cluster/aligned/raw/3230_3230.png
1,data/cluster/aligned/raw/1607_1607.png
1,data/cluster/aligned/raw/2724_2724.png
1,data/cluster/aligned/raw/4101_4101.png
1,data/cluster/aligned/raw/1878_1878.png
1,data/cluster/aligned/raw/75_75_.png
1,data/cluster/aligned/raw/3996_3996.png
1,data/cluster/aligned/raw/3444_3444.png
1,data/cluster/aligned/raw/2819_2819.png
1,data/cluster/aligned/raw/34_34_.png
1,data/cluster/aligned/raw/3712_3712.png
1,data/cluster/aligned/raw/3891_3891.png
1,data/cluster/aligned/raw/3650_3650.png
1,data/cluster/aligned/raw/4837_4837.png
1,data/cluster/aligned/raw/4638_4638.png
1,data/cluster/aligned/raw/3631_3631.png
1,data/cluster/aligned/raw/2520_2520.png
1,data/cluster/aligned/raw/3500_3500.png
1,data/cluster/aligned/raw/3854_3854.png
1,data/cluster/aligned/raw/603_603_.png
1,data/cluster/aligned/raw/28_28_.png
1,data/cluster/aligned/raw/545_545_.png
1,data/cluster/aligned/raw/4547_4547.png
1,data/cluster/aligned/raw/2019_2019.png
1,data/cluster/aligned/raw/2931_2931.png
1,data/cluster/aligned/raw/2392_2392.png
1,data/cluster/aligned/raw/3407_3407.png
1,data/cluster/aligned/raw/4337_4337.png
1,data/cluster/aligned/raw/2789_2789.png
1,data/cluster/aligned/raw/2233_2233.png
1,data/cluster/aligned/raw/2988_2988.png
1,data/cluster/aligned/raw/294_294_.png
1,data/cluster/aligned/raw/3053_3053.png
1,data/cluster/aligned/raw/4003_4003.png
1,data/cluster/aligned/raw/2386_2386.png
1,data/cluster/aligned/raw/2733_2733.png
1,data/cluster/aligned/raw/3519_3519.png
1,data/cluster/aligned/raw/1584_1584.png
1,data/cluster/aligned/raw/2657_2657.png
1,data/cluster/aligned/raw/3643_3643.png
1,data/cluster/aligned/raw/4144_4144.png
1,data/cluster/aligned/raw/1638_1638.png
1,data/cluster/aligned/raw/2226_2226.png
1,data/cluster/aligned/raw/2045_2045.png
1,data/cluster/aligned/raw/3773_3773.png
1,data/cluster/aligned/raw/2348_2348.png
1,data/cluster/aligned/raw/2977_2977.png
1,data/cluster/aligned/raw/2137_2137.png
1,data/cluster/aligned/raw/2860_2860.png
1,data/cluster/aligned/raw/2836_2836.png
1,data/cluster/aligned/raw/4601_4601.png
1,data/cluster/aligned/raw/3087_3087.png
1,data/cluster/aligned/raw/2809_2809.png
1,data/cluster/aligned/raw/2397_2397.png
1,data/cluster/aligned/raw/592_592_.png
1,data/cluster/aligned/raw/1329_1329.png
1,data/cluster/aligned/raw/1866_1866.png
1,data/cluster/aligned/raw/4343_4343.png
1,data/cluster/aligned/raw/4935_4935.png
1,data/cluster/aligned/raw/3486_3486.png
1,data/cluster/aligned/raw/4163_4163.png
1,data/cluster/aligned/raw/1720_1720.png
1,data/cluster/aligned/raw/4944_4944.png
1,data/cluster/aligned/raw/3066_3066.png
1,data/cluster/aligned/raw/2757_2757.png
1,data/cluster/aligned/raw/4641_4641.png
1,data/cluster/aligned/raw/3019_3019.png
1,data/cluster/aligned/raw/8_8_.png
1,data/cluster/aligned/raw/2299_2299.png
1,data/cluster/aligned/raw/2489_2489.png
1,data/cluster/aligned/raw/3635_3635.png
1,data/cluster/aligned/raw/3345_3345.png
1,data/cluster/aligned/raw/2479_2479.png
1,data/cluster/aligned/raw/4929_4929.png
1,data/cluster/aligned/raw/2404_2404.png
1,data/cluster/aligned/raw/3043_3043.png
1,data/cluster/aligned/raw/4956_4956.png
1,data/cluster/aligned/raw/3098_3098.png
1,data/cluster/aligned/raw/3014_3014.png
1,data/cluster/aligned/raw/1367_1367.png
1,data/cluster/aligned/raw/1745_1745.png
1,data/cluster/aligned/raw/302_302_.png
1,data/cluster/aligned/raw/284_284_.png
1,data/cluster/aligned/raw/4346_4346.png
1,data/cluster/aligned/raw/2390_2390.png
1,data/cluster/aligned/raw/2295_2295.png
1,data/cluster/aligned/raw/325_325_.png
1,data/cluster/aligned/raw/2629_2629.png
1,data/cluster/aligned/raw/21_21_.png
1,data/cluster/aligned/raw/3397_3397.png
1,data/cluster/aligned/raw/2385_2385.png
1,data/cluster/aligned/raw/3776_3776.png
1,data/cluster/aligned/raw/2094_2094.png
1,data/cluster/aligned/raw/3218_3218.png
1,data/cluster/aligned/raw/3624_3624.png
1,data/cluster/aligned/raw/2984_2984.png
1,data/cluster/aligned/raw/1539_1539.png
1,data/cluster/aligned/raw/2260_2260.png
1,data/cluster/aligned/raw/26_26_.png
1,data/cluster/aligned/raw/1614_1614.png
1,data/cluster/aligned/raw/3482_3482.png
1,data/cluster/aligned/raw/4280_4280.png
1,data/cluster/aligned/raw/2327_2327.png
1,data/cluster/aligned/raw/3032_3032.png
1,data/cluster/aligned/raw/974_974.png
1,data/cluster/aligned/raw/5024_5024.png
1,data/cluster/aligned/raw/626_626_.png
1,data/cluster/aligned/raw/4931_4931.png
1,data/cluster/aligned/raw/613_613_.png
1,data/cluster/aligned/raw/4531_4531.png
1,data/cluster/aligned/raw/3445_3445.png
1,data/cluster/aligned/raw/4997_4997.png
1,data/cluster/aligned/raw/3068_3068.png
1,data/cluster/aligned/raw/2512_2512.png
1,data/cluster/aligned/raw/4047_4047.png
1,data/cluster/aligned/raw/4610_4610.png
1,data/cluster/aligned/raw/2242_2242.png
1,data/cluster/aligned/raw/2195_2195.png
1,data/cluster/aligned/raw/4259_4259.png
1,data/cluster/aligned/raw/2987_2987.png
1,data/cluster/aligned/raw/585_585_.png
1,data/cluster/aligned/raw/4539_4539.png
1,data/cluster/aligned/raw/4057_4057.png
1,data/cluster/aligned/raw/1618_1618.png
1,data/cluster/aligned/raw/4936_4936.png
1,data/cluster/aligned/raw/629_629_.png
1,data/cluster/aligned/raw/2173_2173.png
1,data/cluster/aligned/raw/2077_2077.png
1,data/cluster/aligned/raw/2055_2055.png
1,data/cluster/aligned/raw/2086_2086.png
1,data/cluster/aligned/raw/2374_2374.png
1,data/cluster/aligned/raw/3181_3181.png
1,data/cluster/aligned/raw/1350_1350.png
1,data/cluster/aligned/raw/4089_4089.png
1,data/cluster/aligned/raw/3188_3188.png
1,data/cluster/aligned/raw/3739_3739.png
1,data/cluster/aligned/raw/3000_3000.png
1,data/cluster/aligned/raw/3117_3117.png
1,data/cluster/aligned/raw/2770_2770.png
1,data/cluster/aligned/raw/4961_4961.png
1,data/cluster/aligned/raw/2759_2759.png
1,data/cluster/aligned/raw/3780_3780.png
1,data/cluster/aligned/raw/2476_2476.png
1,data/cluster/aligned/raw/2263_2263.png
1,data/cluster/aligned/raw/2642_2642.png
1,data/cluster/aligned/raw/4623_4623.png
1,data/cluster/aligned/raw/4957_4957.png
1,data/cluster/aligned/raw/2247_2247.png
1,data/cluster/aligned/raw/4286_4286.png
1,data/cluster/aligned/raw/1716_1716.png
1,data/cluster/aligned/raw/3401_3401.png
1,data/cluster/aligned/raw/4626_4626.png
1,data/cluster/aligned/raw/3857_3857.png
1,data/cluster/aligned/raw/3404_3404.png
1,data/cluster/aligned/raw/4084_4084.png
1,data/cluster/aligned/raw/1151_1151.png
1,data/cluster/aligned/raw/2991_2991.png
1,data/cluster/aligned/raw/31_31_.png
1,data/cluster/aligned/raw/1897_1897.png
1,data/cluster/aligned/raw/2796_2796.png
1,data/cluster/aligned/raw/4107_4107.png
1,data/cluster/aligned/raw/2486_2486.png
1,data/cluster/aligned/raw/2799_2799.png
1,data/cluster/aligned/raw/4702_4702.png
1,data/cluster/aligned/raw/2048_2048.png
1,data/cluster/aligned/raw/1390_1390.png
1,data/cluster/aligned/raw/32_32_.png
1,data/cluster/aligned/raw/4191_4191.png
1,data/cluster/aligned/raw/2543_2543.png
1,data/cluster/aligned/raw/1901_1901.png
1,data/cluster/aligned/raw/4019_4019.png
1,data/cluster/aligned/raw/3731_3731.png
1,data/cluster/aligned/raw/3939_3939.png
1,data/cluster/aligned/raw/1790_1790.png
1,data/cluster/aligned/raw/319_319_.png
1,data/cluster/aligned/raw/2413_2413.png
1,data/cluster/aligned/raw/1922_1922.png
1,data/cluster/aligned/raw/4927_4927.png
1,data/cluster/aligned/raw/3464_3464.png
1,data/cluster/aligned/raw/3659_3659.png
1,data/cluster/aligned/raw/4224_4224.png
1,data/cluster/aligned/raw/3733_3733.png
1,data/cluster/aligned/raw/2739_2739.png
1,data/cluster/aligned/raw/3394_3394.png
1,data/cluster/aligned/raw/4554_4554.png
1,data/cluster/aligned/raw/2517_2517.png
1,data/cluster/aligned/raw/3030_3030.png
1,data/cluster/aligned/raw/2797_2797.png
1,data/cluster/aligned/raw/2125_2125.png
1,data/cluster/aligned/raw/2618_2618.png
1,data/cluster/aligned/raw/1886_1886.png
1,data/cluster/aligned/raw/3259_3259.png
1,data/cluster/aligned/raw/2337_2337.png
1,data/cluster/aligned/raw/2776_2776.png
1,data/cluster/aligned/raw/2615_2615.png
1,data/cluster/aligned/raw/2043_2043.png
1,data/cluster/aligned/raw/2412_2412.png
1,data/cluster/aligned/raw/2064_2064.png
1,data/cluster/aligned/raw/19_19_.png
1,data/cluster/aligned/raw/4061_4061.png
1,data/cluster/aligned/raw/2992_2992.png
1,data/cluster/aligned/raw/3206_3206.png
1,data/cluster/aligned/raw/2551_2551.png
1,data/cluster/aligned/raw/2573_2573.png
1,data/cluster/aligned/raw/1354_1354.png
1,data/cluster/aligned/raw/2251_2251.png
1,data/cluster/aligned/raw/2414_2414.png
1,data/cluster/aligned/raw/3532_3532.png
1,data/cluster/aligned/raw/2024_2024.png
1,data/cluster/aligned/raw/440_440_.png
1,data/cluster/aligned/raw/4648_4648.png
1,data/cluster/aligned/raw/2280_2280.png
1,data/cluster/aligned/raw/3201_3201.png
1,data/cluster/aligned/raw/2751_2751.png
1,data/cluster/aligned/raw/4183_4183.png
1,data/cluster/aligned/raw/2637_2637.png
1,data/cluster/aligned/raw/2159_2159.png
1,data/cluster/aligned/raw/1888_1888.png
1,data/cluster/aligned/raw/3493_3493.png
1,data/cluster/aligned/raw/977_977.png
1,data/cluster/aligned/raw/266_266_.png
1,data/cluster/aligned/raw/4941_4941.png
1,data/cluster/aligned/raw/2750_2750.png
1,data/cluster/aligned/raw/118_118_.png
1,data/cluster/aligned/raw/2823_2823.png
1,data/cluster/aligned/raw/2290_2290.png
1,data/cluster/aligned/raw/4599_4599.png
1,data/cluster/aligned/raw/1400_1400.png
1,data/cluster/aligned/raw/1_1_.png
1,data/cluster/aligned/raw/4630_4630.png
1,data/cluster/aligned/raw/4637_4637.png
1,data/cluster/aligned/raw/2393_2393.png
1,data/cluster/aligned/raw/2141_2141.png
1,data/cluster/aligned/raw/3024_3024.png
1,data/cluster/aligned/raw/2464_2464.png
1,data/cluster/aligned/raw/3581_3581.png
1,data/cluster/aligned/raw/2933_2933.png
1,data/cluster/aligned/raw/3719_3719.png
1,data/cluster/aligned/raw/3440_3440.png
1,data/cluster/aligned/raw/3081_3081.png
1,data/cluster/aligned/raw/1837_1837.png
1,data/cluster/aligned/raw/3451_3451.png
1,data/cluster/aligned/raw/4674_4674.png
1,data/cluster/aligned/raw/2969_2969.png
1,data/cluster/aligned/raw/2652_2652.png
1,data/cluster/aligned/raw/3307_3307.png
1,data/cluster/aligned/raw/3093_3093.png
1,data/cluster/aligned/raw/3447_3447.png
1,data/cluster/aligned/raw/4361_4361.png
1,data/cluster/aligned/raw/2806_2806.png
1,data/cluster/aligned/raw/607_607_.png
1,data/cluster/aligned/raw/4947_4947.png
1,data/cluster/aligned/raw/4624_4624.png
1,data/cluster/aligned/raw/1610_1610.png
1,data/cluster/aligned/raw/1388_1388.png
1,data/cluster/aligned/raw/4256_4256.png
1,data/cluster/aligned/raw/3549_3549.png
1,data/cluster/aligned/raw/2620_2620.png
1,data/cluster/aligned/raw/2041_2041.png
1,data/cluster/aligned/raw/2088_2088.png
1,data/cluster/aligned/raw/2098_2098.png
1,data/cluster/aligned/raw/3488_3488.png
1,data/cluster/aligned/raw/2808_2808.png
1,data/cluster/aligned/raw/2274_2274.png
1,data/cluster/aligned/raw/2805_2805.png
1,data/cluster/aligned/raw/4915_4915.png
1,data/cluster/aligned/raw/3915_3915.png
1,data/cluster/aligned/raw/2795_2795.png
1,data/cluster/aligned/raw/1368_1368.png
1,data/cluster/aligned/raw/3164_3164.png
1,data/cluster/aligned/raw/3645_3645.png
1,data/cluster/aligned/raw/1682_1682.png
1,data/cluster/aligned/raw/4045_4045.png
1,data/cluster/aligned/raw/985_985.png
1,data/cluster/aligned/raw/619_619_.png
1,data/cluster/aligned/raw/3778_3778.png
1,data/cluster/aligned/raw/2756_2756.png
1,data/cluster/aligned/raw/2346_2346.png
1,data/cluster/aligned/raw/4603_4603.png
1,data/cluster/aligned/raw/3252_3252.png
1,data/cluster/aligned/raw/3462_3462.png
1,data/cluster/aligned/raw/3602_3602.png
1,data/cluster/aligned/raw/3716_3716.png
1,data/cluster/aligned/raw/3458_3458.png
1,data/cluster/aligned/raw/4925_4925.png
1,data/cluster/aligned/raw/3649_3649.png
1,data/cluster/aligned/raw/4545_4545.png
1,data/cluster/aligned/raw/2379_2379.png
1,data/cluster/aligned/raw/256_256_.png
1,data/cluster/aligned/raw/2282_2282.png
1,data/cluster/aligned/raw/4643_4643.png
1,data/cluster/aligned/raw/280_280_.png
1,data/cluster/aligned/raw/4540_4540.png
1,data/cluster/aligned/raw/4111_4111.png
1,data/cluster/aligned/raw/3182_3182.png
1,data/cluster/aligned/raw/4575_4575.png
1,data/cluster/aligned/raw/2755_2755.png
1,data/cluster/aligned/raw/1913_1913.png
1,data/cluster/aligned/raw/1030_1030.png
1,data/cluster/aligned/raw/4918_4918.png
1,data/cluster/aligned/raw/2042_2042.png
1,data/cluster/aligned/raw/4009_4009.png
1,data/cluster/aligned/raw/4537_4537.png
1,data/cluster/aligned/raw/2616_2616.png
1,data/cluster/aligned/raw/4035_4035.png
1,data/cluster/aligned/raw/1865_1865.png
1,data/cluster/aligned/raw/1377_1377.png
1,data/cluster/aligned/raw/5029_5029.png
1,data/cluster/aligned/raw/3_3_.png
1,data/cluster/aligned/raw/2584_2584.png
1,data/cluster/aligned/raw/3608_3608.png
1,data/cluster/aligned/raw/4522_4522.png
1,data/cluster/aligned/raw/4602_4602.png
1,data/cluster/aligned/raw/4175_4175.png
1,data/cluster/aligned/raw/1316_1316.png
1,data/cluster/aligned/raw/2230_2230.png
1,data/cluster/aligned/raw/4031_4031.png
1,data/cluster/aligned/raw/4194_4194.png
1,data/cluster/aligned/raw/3050_3050.png
1,data/cluster/aligned/raw/2510_2510.png
1,data/cluster/aligned/raw/2394_2394.png
1,data/cluster/aligned/raw/67_67_.png
1,data/cluster/aligned/raw/2456_2456.png
1,data/cluster/aligned/raw/3709_3709.png
1,data/cluster/aligned/raw/2939_2939.png
1,data/cluster/aligned/raw/2324_2324.png
1,data/cluster/aligned/raw/2362_2362.png
1,data/cluster/aligned/raw/2015_2015.png
1,data/cluster/aligned/raw/2676_2676.png
1,data/cluster/aligned/raw/4046_4046.png
1,data/cluster/aligned/raw/9_9_.png
1,data/cluster/aligned/raw/2112_2112.png
1,data/cluster/aligned/raw/2333_2333.png
1,data/cluster/aligned/raw/4340_4340.png
1,data/cluster/aligned/raw/292_292_.png
1,data/cluster/aligned/raw/2123_2123.png
1,data/cluster/aligned/raw/299_299_.png
1,data/cluster/aligned/raw/3683_3683.png
1,data/cluster/aligned/raw/4298_4298.png
1,data/cluster/aligned/raw/3825_3825.png
1,data/cluster/aligned/raw/2498_2498.png
1,data/cluster/aligned/raw/2307_2307.png
1,data/cluster/aligned/raw/2622_2622.png
1,data/cluster/aligned/raw/1566_1566.png
1,data/cluster/aligned/raw/12_12_.png
1,data/cluster/aligned/raw/2062_2062.png
1,data/cluster/aligned/raw/107_107_.png
1,data/cluster/aligned/raw/328_328_.png
1,data/cluster/aligned/raw/3779_3779.png
1,data/cluster/aligned/raw/964_964.png
1,data/cluster/aligned/raw/269_269_.png
1,data/cluster/aligned/raw/3418_3418.png
1,data/cluster/aligned/raw/3264_3264.png
1,data/cluster/aligned/raw/1869_1869.png
1,data/cluster/aligned/raw/4269_4269.png
1,data/cluster/aligned/raw/23_23_.png
1,data/cluster/aligned/raw/1753_1753.png
1,data/cluster/aligned/raw/3433_3433.png
1,data/cluster/aligned/raw/4625_4625.png
1,data/cluster/aligned/raw/3736_3736.png
1,data/cluster/aligned/raw/2075_2075.png
1,data/cluster/aligned/raw/2661_2661.png
1,data/cluster/aligned/raw/2841_2841.png
1,data/cluster/aligned/raw/3187_3187.png
1,data/cluster/aligned/raw/1881_1881.png
1,data/cluster/aligned/raw/29_29_.png
1,data/cluster/aligned/raw/40_40_.png
1,data/cluster/aligned/raw/3852_3852.png
1,data/cluster/aligned/raw/3484_3484.png
1,data/cluster/aligned/raw/27_27_.png
1,data/cluster/aligned/raw/3501_3501.png
1,data/cluster/aligned/raw/4016_4016.png
1,data/cluster/aligned/raw/1588_1588.png
1,data/cluster/aligned/raw/1896_1896.png
1,data/cluster/aligned/raw/3777_3777.png
1,data/cluster/aligned/raw/3146_3146.png
1,data/cluster/aligned/raw/3836_3836.png
1,data/cluster/aligned/raw/3722_3722.png
1,data/cluster/aligned/raw/3076_3076.png
1,data/cluster/aligned/raw/3947_3947.png
1,data/cluster/aligned/raw/1372_1372.png
1,data/cluster/aligned/raw/4965_4965.png
1,data/cluster/aligned/raw/3535_3535.png
1,data/cluster/aligned/raw/3525_3525.png
1,data/cluster/aligned/raw/277_277_.png
1,data/cluster/aligned/raw/2329_2329.png
1,data/cluster/aligned/raw/966_966.png
1,data/cluster/aligned/raw/4174_4174.png
1,data/cluster/aligned/raw/495_495_.png
1,data/cluster/aligned/raw/4078_4078.png
1,data/cluster/aligned/raw/4945_4945.png
1,data/cluster/aligned/raw/2867_2867.png
1,data/cluster/aligned/raw/3546_3546.png
1,data/cluster/aligned/raw/2249_2249.png
1,data/cluster/aligned/raw/2725_2725.png
1,data/cluster/aligned/raw/4553_4553.png
1,data/cluster/aligned/raw/1189_1189.png
1,data/cluster/aligned/raw/4156_4156.png
1,data/cluster/aligned/raw/2400_2400.png
1,data/cluster/aligned/raw/1655_1655.png
1,data/cluster/aligned/raw/339_339_.png
1,data/cluster/aligned/raw/4160_4160.png
1,data/cluster/aligned/raw/1658_1658.png
1,data/cluster/aligned/raw/4952_4952.png
1,data/cluster/aligned/raw/2253_2253.png
1,data/cluster/aligned/raw/3018_3018.png
1,data/cluster/aligned/raw/2071_2071.png
1,data/cluster/aligned/raw/2844_2844.png
1,data/cluster/aligned/raw/3642_3642.png
1,data/cluster/aligned/raw/98_98_.png
1,data/cluster/aligned/raw/2_2_.png
1,data/cluster/aligned/raw/3403_3403.png
1,data/cluster/aligned/raw/3511_3511.png
1,data/cluster/aligned/raw/14_14_.png
1,data/cluster/aligned/raw/2800_2800.png
1,data/cluster/aligned/raw/1633_1633.png
1,data/cluster/aligned/raw/1873_1873.png
1,data/cluster/aligned/raw/4542_4542.png
1,data/cluster/aligned/raw/1864_1864.png
1,data/cluster/aligned/raw/2409_2409.png
1,data/cluster/aligned/raw/4831_4831.png
1,data/cluster/aligned/raw/1359_1359.png
1,data/cluster/aligned/raw/3523_3523.png
1,data/cluster/aligned/raw/4533_4533.png
1,data/cluster/aligned/raw/2669_2669.png
1,data/cluster/aligned/raw/194_194_.png
1,data/cluster/aligned/raw/3035_3035.png
1,data/cluster/aligned/raw/2232_2232.png
1,data/cluster/aligned/raw/3109_3109.png
1,data/cluster/aligned/raw/3749_3749.png
1,data/cluster/aligned/raw/1673_1673.png
1,data/cluster/aligned/raw/2312_2312.png
1,data/cluster/aligned/raw/3634_3634.png
1,data/cluster/aligned/raw/3078_3078.png
1,data/cluster/aligned/raw/4954_4954.png
1,data/cluster/aligned/raw/3214_3214.png
1,data/cluster/aligned/raw/2793_2793.png
1,data/cluster/aligned/raw/4587_4587.png
1,data/cluster/aligned/raw/2784_2784.png
1,data/cluster/aligned/raw/2947_2947.png
1,data/cluster/aligned/raw/3059_3059.png
1,data/cluster/aligned/raw/3026_3026.png
1,data/cluster/aligned/raw/1889_1889.png
1,data/cluster/aligned/raw/3195_3195.png
1,data/cluster/aligned/raw/2804_2804.png
1,data/cluster/aligned/raw/3120_3120.png
1,data/cluster/aligned/raw/4272_4272.png
1,data/cluster/aligned/raw/1139_1139.png
1,data/cluster/aligned/raw/3902_3902.png
1,data/cluster/aligned/raw/3238_3238.png
1,data/cluster/aligned/raw/2690_2690.png
1,data/cluster/aligned/raw/2944_2944.png
1,data/cluster/aligned/raw/2110_2110.png
1,data/cluster/aligned/raw/3472_3472.png
1,data/cluster/aligned/raw/4548_4548.png
1,data/cluster/aligned/raw/4986_4986.png
1,data/cluster/aligned/raw/2268_2268.png
1,data/cluster/aligned/raw/2781_2781.png
1,data/cluster/aligned/raw/2542_2542.png
1,data/cluster/aligned/raw/4984_4984.png
1,data/cluster/aligned/raw/2761_2761.png
1,data/cluster/aligned/raw/2407_2407.png
1,data/cluster/aligned/raw/3654_3654.png
1,data/cluster/aligned/raw/3103_3103.png
1,data/cluster/aligned/raw/4201_4201.png
1,data/cluster/aligned/raw/2496_2496.png
1,data/cluster/aligned/raw/3036_3036.png
1,data/cluster/aligned/raw/4113_4113.png
1,data/cluster/aligned/raw/2810_2810.png
1,data/cluster/aligned/raw/2243_2243.png
1,data/cluster/aligned/raw/3190_3190.png
1,data/cluster/aligned/raw/2297_2297.png
1,data/cluster/aligned/raw/4520_4520.png
1,data/cluster/aligned/raw/2708_2708.png
1,data/cluster/aligned/raw/2853_2853.png
1,data/cluster/aligned/raw/2534_2534.png
1,data/cluster/aligned/raw/4363_4363.png
1,data/cluster/aligned/raw/2484_2484.png
1,data/cluster/aligned/raw/2115_2115.png
1,data/cluster/aligned/raw/1091_1091.png
1,data/cluster/aligned/raw/2777_2777.png
1,data/cluster/aligned/raw/3022_3022.png
1,data/cluster/aligned/raw/3410_3410.png
1,data/cluster/aligned/raw/1093_1093.png
1,data/cluster/aligned/raw/4988_4988.png
1,data/cluster/aligned/raw/3224_3224.png
1,data/cluster/aligned/raw/4529_4529.png
1,data/cluster/aligned/raw/2639_2639.png
1,data/cluster/aligned/raw/2380_2380.png
1,data/cluster/aligned/raw/3031_3031.png
1,data/cluster/aligned/raw/1602_1602.png
1,data/cluster/aligned/raw/4048_4048.png
1,data/cluster/aligned/raw/441_441_.png
1,data/cluster/aligned/raw/3461_3461.png
1,data/cluster/aligned/raw/2660_2660.png
1,data/cluster/aligned/raw/3552_3552.png
1,data/cluster/aligned/raw/1342_1342.png
1,data/cluster/aligned/raw/4937_4937.png
1,data/cluster/aligned/raw/2655_2655.png
1,data/cluster/aligned/raw/3415_3415.png
1,data/cluster/aligned/raw/2820_2820.png
1,data/cluster/aligned/raw/1867_1867.png
1,data/cluster/aligned/raw/4843_4843.png
1,data/cluster/aligned/raw/4006_4006.png
1,data/cluster/aligned/raw/1630_1630.png
1,data/cluster/aligned/raw/2311_2311.png
1,data/cluster/aligned/raw/2235_2235.png
1,data/cluster/aligned/raw/238_238_.png
1,data/cluster/aligned/raw/4928_4928.png
1,data/cluster/aligned/raw/22_22_.png
1,data/cluster/aligned/raw/2734_2734.png
1,data/cluster/aligned/raw/3083_3083.png
1,data/cluster/aligned/raw/3001_3001.png
1,data/cluster/aligned/raw/4067_4067.png
1,data/cluster/aligned/raw/3921_3921.png
1,data/cluster/aligned/raw/1012_1012.png
1,data/cluster/aligned/raw/4065_4065.png
1,data/cluster/aligned/raw/1625_1625.png
1,data/cluster/aligned/raw/2811_2811.png
1,data/cluster/aligned/raw/1125_1125.png
1,data/cluster/aligned/raw/2017_2017.png
1,data/cluster/aligned/raw/3481_3481.png
1,data/cluster/aligned/raw/3554_3554.png
1,data/cluster/aligned/raw/5028_5028.png
1,data/cluster/aligned/raw/4919_4919.png
1,data/cluster/aligned/raw/2745_2745.png
1,data/cluster/aligned/raw/1042_1042.png
1,data/cluster/aligned/raw/2275_2275.png
1,data/cluster/aligned/raw/3105_3105.png
1,data/cluster/aligned/raw/2667_2667.png
1,data/cluster/aligned/raw/3253_3253.png
1,data/cluster/aligned/raw/1356_1356.png
1,data/cluster/aligned/raw/3613_3613.png
1,data/cluster/aligned/raw/2050_2050.png
1,data/cluster/aligned/raw/3603_3603.png
1,data/cluster/aligned/raw/2807_2807.png
1,data/cluster/aligned/raw/1128_1128.png
1,data/cluster/aligned/raw/4668_4668.png
1,data/cluster/aligned/raw/4060_4060.png
1,data/cluster/aligned/raw/4036_4036.png
1,data/cluster/aligned/raw/2377_2377.png
1,data/cluster/aligned/raw/4058_4058.png
1,data/cluster/aligned/raw/4685_4685.png
1,data/cluster/aligned/raw/2325_2325.png
1,data/cluster/aligned/raw/3255_3255.png
1,data/cluster/aligned/raw/2607_2607.png
1,data/cluster/aligned/raw/2106_2106.png
1,data/cluster/aligned/raw/2472_2472.png
1,data/cluster/aligned/raw/2626_2626.png
1,data/cluster/aligned/raw/3257_3257.png
1,data/cluster/aligned/raw/3243_3243.png
1,data/cluster/aligned/raw/4025_4025.png
1,data/cluster/aligned/raw/3704_3704.png
1,data/cluster/aligned/raw/4152_4152.png
1,data/cluster/aligned/raw/2399_2399.png
1,data/cluster/aligned/raw/2238_2238.png
1,data/cluster/aligned/raw/3288_3288.png
1,data/cluster/aligned/raw/2594_2594.png
1,data/cluster/aligned/raw/2415_2415.png
1,data/cluster/aligned/raw/3784_3784.png
1,data/cluster/aligned/raw/2938_2938.png
1,data/cluster/aligned/raw/3134_3134.png
1,data/cluster/aligned/raw/3925_3925.png
1,data/cluster/aligned/raw/611_611_.png
1,data/cluster/aligned/raw/3726_3726.png
1,data/cluster/aligned/raw/612_612_.png
1,data/cluster/aligned/raw/3152_3152.png
1,data/cluster/aligned/raw/3929_3929.png
1,data/cluster/aligned/raw/1242_1242.png
1,data/cluster/aligned/raw/4989_4989.png
1,data/cluster/aligned/raw/68_68_.png
1,data/cluster/aligned/raw/3128_3128.png
1,data/cluster/aligned/raw/2304_2304.png
1,data/cluster/aligned/raw/3037_3037.png
1,data/cluster/aligned/raw/2589_2589.png
1,data/cluster/aligned/raw/1676_1676.png
1,data/cluster/aligned/raw/1014_1014.png
1,data/cluster/aligned/raw/968_968.png
1,data/cluster/aligned/raw/3021_3021.png
1,data/cluster/aligned/raw/4959_4959.png
1,data/cluster/aligned/raw/4139_4139.png
1,data/cluster/aligned/raw/296_296_.png
1,data/cluster/aligned/raw/2361_2361.png
1,data/cluster/aligned/raw/546_546_.png
1,data/cluster/aligned/raw/4338_4338.png
1,data/cluster/aligned/raw/3510_3510.png
1,data/cluster/aligned/raw/4830_4830.png
1,data/cluster/aligned/raw/1852_1852.png
1,data/cluster/aligned/raw/2313_2313.png
1,data/cluster/aligned/raw/2818_2818.png
1,data/cluster/aligned/raw/4600_4600.png
1,data/cluster/aligned/raw/4169_4169.png
1,data/cluster/aligned/raw/2611_2611.png
1,data/cluster/aligned/raw/3233_3233.png
1,data/cluster/aligned/raw/2020_2020.png
1,data/cluster/aligned/raw/4110_4110.png
1,data/cluster/aligned/raw/3194_3194.png
1,data/cluster/aligned/raw/2291_2291.png
1,data/cluster/aligned/raw/2802_2802.png
1,data/cluster/aligned/raw/3432_3432.png
1,data/cluster/aligned/raw/1039_1039.png
1,data/cluster/aligned/raw/1631_1631.png
1,data/cluster/aligned/raw/2719_2719.png
1,data/cluster/aligned/raw/3074_3074.png
1,data/cluster/aligned/raw/2772_2772.png
1,data/cluster/aligned/raw/3301_3301.png
1,data/cluster/aligned/raw/2292_2292.png
1,data/cluster/aligned/raw/2934_2934.png
1,data/cluster/aligned/raw/3632_3632.png
1,data/cluster/aligned/raw/3478_3478.png
1,data/cluster/aligned/raw/3864_3864.png
1,data/cluster/aligned/raw/4632_4632.png
1,data/cluster/aligned/raw/4939_4939.png
1,data/cluster/aligned/raw/1381_1381.png
1,data/cluster/aligned/raw/1399_1399.png
1,data/cluster/aligned/raw/3615_3615.png
1,data/cluster/aligned/raw/1902_1902.png
1,data/cluster/aligned/raw/2133_2133.png
1,data/cluster/aligned/raw/550_550_.png
1,data/cluster/aligned/raw/3691_3691.png
1,data/cluster/aligned/raw/3356_3356.png
1,data/cluster/aligned/raw/2074_2074.png
1,data/cluster/aligned/raw/2031_2031.png
1,data/cluster/aligned/raw/4313_4313.png
1,data/cluster/aligned/raw/3465_3465.png
1,data/cluster/aligned/raw/4682_4682.png
1,data/cluster/aligned/raw/1123_1123.png
1,data/cluster/aligned/raw/628_628_.png
1,data/cluster/aligned/raw/2842_2842.png
1,data/cluster/aligned/raw/3063_3063.png
1,data/cluster/aligned/raw/2416_2416.png
1,data/cluster/aligned/raw/2229_2229.png
1,data/cluster/aligned/raw/4345_4345.png
1,data/cluster/aligned/raw/3734_3734.png
1,data/cluster/aligned/raw/3563_3563.png
1,data/cluster/aligned/raw/2277_2277.png
1,data/cluster/aligned/raw/4342_4342.png
1,data/cluster/aligned/raw/3223_3223.png
1,data/cluster/aligned/raw/4697_4697.png
1,data/cluster/aligned/raw/74_74_.png
1,data/cluster/aligned/raw/4032_4032.png
1,data/cluster/aligned/raw/2765_2765.png
1,data/cluster/aligned/raw/3652_3652.png
1,data/cluster/aligned/raw/1391_1391.png
1,data/cluster/aligned/raw/17_17_.png
1,data/cluster/aligned/raw/1370_1370.png
1,data/cluster/aligned/raw/596_596_.png
1,data/cluster/aligned/raw/3231_3231.png
1,data/cluster/aligned/raw/1752_1752.png
1,data/cluster/aligned/raw/2505_2505.png
1,data/cluster/aligned/raw/1558_1558.png
1,data/cluster/aligned/raw/2029_2029.png
1,data/cluster/aligned/raw/2164_2164.png
1,data/cluster/aligned/raw/3234_3234.png
1,data/cluster/aligned/raw/2903_2903.png
1,data/cluster/aligned/raw/3060_3060.png
1,data/cluster/aligned/raw/2058_2058.png
1,data/cluster/aligned/raw/3470_3470.png
1,data/cluster/aligned/raw/1891_1891.png
1,data/cluster/aligned/raw/2738_2738.png
1,data/cluster/aligned/raw/2070_2070.png
1,data/cluster/aligned/raw/3055_3055.png
1,data/cluster/aligned/raw/4550_4550.png
1,data/cluster/aligned/raw/2645_2645.png
1,data/cluster/aligned/raw/3412_3412.png
1,data/cluster/aligned/raw/2686_2686.png
1,data/cluster/aligned/raw/2794_2794.png
1,data/cluster/aligned/raw/2538_2538.png
1,data/cluster/aligned/raw/4238_4238.png
1,data/cluster/aligned/raw/2245_2245.png
1,data/cluster/aligned/raw/4040_4040.png
1,data/cluster/aligned/raw/4028_4028.png
1,data/cluster/aligned/raw/1395_1395.png
1,data/cluster/aligned/raw/3729_3729.png
1,data/cluster/aligned/raw/4528_4528.png
1,data/cluster/aligned/raw/25_25_.png
1,data/cluster/aligned/raw/4041_4041.png
1,data/cluster/aligned/raw/2078_2078.png
1,data/cluster/aligned/raw/3515_3515.png
1,data/cluster/aligned/raw/1693_1693.png
1,data/cluster/aligned/raw/1223_1223.png
1,data/cluster/aligned/raw/1883_1883.png
1,data/cluster/aligned/raw/2383_2383.png
1,data/cluster/aligned/raw/323_323_.png
1,data/cluster/aligned/raw/1318_1318.png
1,data/cluster/aligned/raw/1556_1556.png
1,data/cluster/aligned/raw/4942_4942.png
1,data/cluster/aligned/raw/2411_2411.png
1,data/cluster/aligned/raw/1627_1627.png
1,data/cluster/aligned/raw/54_54_.png
1,data/cluster/aligned/raw/3453_3453.png
1,data/cluster/aligned/raw/1183_1183.png
1,data/cluster/aligned/raw/4200_4200.png
1,data/cluster/aligned/raw/1900_1900.png
1,data/cluster/aligned/raw/2846_2846.png
1,data/cluster/aligned/raw/2104_2104.png
1,data/cluster/aligned/raw/4161_4161.png
1,data/cluster/aligned/raw/33_33_.png
1,data/cluster/aligned/raw/2278_2278.png
1,data/cluster/aligned/raw/3454_3454.png
1,data/cluster/aligned/raw/2228_2228.png
1,data/cluster/aligned/raw/3003_3003.png
1,data/cluster/aligned/raw/2316_2316.png
1,data/cluster/aligned/raw/3180_3180.png
1,data/cluster/aligned/raw/3239_3239.png
1,data/cluster/aligned/raw/4678_4678.png
1,data/cluster/aligned/raw/2813_2813.png
1,data/cluster/aligned/raw/2769_2769.png
1,data/cluster/aligned/raw/4832_4832.png
1,data/cluster/aligned/raw/3520_3520.png
1,data/cluster/aligned/raw/3455_3455.png
1,data/cluster/aligned/raw/254_254_.png
1,data/cluster/aligned/raw/105_105_.png
1,data/cluster/aligned/raw/2989_2989.png
1,data/cluster/aligned/raw/3494_3494.png
1,data/cluster/aligned/raw/4069_4069.png
1,data/cluster/aligned/raw/1545_1545.png
1,data/cluster/aligned/raw/3622_3622.png
1,data/cluster/aligned/raw/2092_2092.png
1,data/cluster/aligned/raw/442_442_.png
1,data/cluster/aligned/raw/3160_3160.png
1,data/cluster/aligned/raw/1572_1572.png
1,data/cluster/aligned/raw/4943_4943.png
1,data/cluster/aligned/raw/3436_3436.png
1,data/cluster/aligned/raw/4109_4109.png
1,data/cluster/aligned/raw/604_604_.png
1,data/cluster/aligned/raw/3122_3122.png
1,data/cluster/aligned/raw/3015_3015.png
1,data/cluster/aligned/raw/560_560_.png
1,data/cluster/aligned/raw/2356_2356.png
1,data/cluster/aligned/raw/3421_3421.png
1,data/cluster/aligned/raw/1608_1608.png
1,data/cluster/aligned/raw/2036_2036.png
1,data/cluster/aligned/raw/3171_3171.png
1,data/cluster/aligned/raw/3506_3506.png
1,data/cluster/aligned/raw/1369_1369.png
1,data/cluster/aligned/raw/3072_3072.png
1,data/cluster/aligned/raw/24_24_.png
1,data/cluster/aligned/raw/3193_3193.png
1,data/cluster/aligned/raw/4940_4940.png
1,data/cluster/aligned/raw/1884_1884.png
1,data/cluster/aligned/raw/4951_4951.png
1,data/cluster/aligned/raw/1576_1576.png
1,data/cluster/aligned/raw/1549_1549.png
1,data/cluster/aligned/raw/2047_2047.png
1,data/cluster/aligned/raw/3299_3299.png
1,data/cluster/aligned/raw/4339_4339.png
1,data/cluster/aligned/raw/3496_3496.png
1,data/cluster/aligned/raw/2021_2021.png
1,data/cluster/aligned/raw/3207_3207.png
1,data/cluster/aligned/raw/3710_3710.png
1,data/cluster/aligned/raw/2347_2347.png
1,data/cluster/aligned/raw/4534_4534.png
1,data/cluster/aligned/raw/5017_5017.png
1,data/cluster/aligned/raw/293_293_.png
1,data/cluster/aligned/raw/2082_2082.png
1,data/cluster/aligned/raw/4029_4029.png
1,data/cluster/aligned/raw/4015_4015.png
1,data/cluster/aligned/raw/4948_4948.png
1,data/cluster/aligned/raw/3165_3165.png
1,data/cluster/aligned/raw/2624_2624.png
1,data/cluster/aligned/raw/2132_2132.png
1,data/cluster/aligned/raw/4033_4033.png
1,data/cluster/aligned/raw/2236_2236.png
1,data/cluster/aligned/raw/2009_2009.png
1,data/cluster/aligned/raw/2663_2663.png
1,data/cluster/aligned/raw/2053_2053.png
1,data/cluster/aligned/raw/4922_4922.png
1,data/cluster/aligned/raw/2995_2995.png
1,data/cluster/aligned/raw/1017_1017.png
1,data/cluster/aligned/raw/263_263_.png
1,data/cluster/aligned/raw/1184_1184.png
1,data/cluster/aligned/raw/1386_1386.png
1,data/cluster/aligned/raw/70_70_.png
1,data/cluster/aligned/raw/2839_2839.png
1,data/cluster/aligned/raw/1373_1373.png
1,data/cluster/aligned/raw/2997_2997.png
